0,1.000000,0.100000,0.853462
0,1.000000,0.010000,0.867955
0,1.000000,0.001000,0.867955
0,1.000000,0.000100,0.856683
0,1.000000,0.200000,0.853462
0,1.000000,0.020000,0.869565
0,1.000000,0.002000,0.866345
0,1.000000,0.000200,0.856683
0,1.000000,0.300000,0.916264
0,1.000000,0.030000,0.867955
0,1.000000,0.003000,0.866345
0,1.000000,0.000300,0.856683
0,1.000000,0.400000,0.906602
0,1.000000,0.040000,0.869565
0,1.000000,0.004000,0.867955
0,1.000000,0.000400,0.856683
0,1.000000,0.500000,0.898551
0,1.000000,0.050000,0.869565
0,1.000000,0.005000,0.866345
0,1.000000,0.000500,0.858293
1,10.000000,0.100000,0.929147
1,10.000000,0.010000,0.940419
1,10.000000,0.001000,0.871176
1,10.000000,0.000100,0.869565
1,10.000000,0.200000,0.922705
1,10.000000,0.020000,0.943639
1,10.000000,0.002000,0.872786
1,10.000000,0.000200,0.866345
1,10.000000,0.300000,0.911433
1,10.000000,0.030000,0.930757
1,10.000000,0.003000,0.882448
1,10.000000,0.000300,0.866345
1,10.000000,0.400000,0.903382
1,10.000000,0.040000,0.929147
1,10.000000,0.004000,0.885668
1,10.000000,0.000400,0.866345
1,10.000000,0.500000,0.896940
1,10.000000,0.050000,0.924316
1,10.000000,0.005000,0.890499
1,10.000000,0.000500,0.867955
2,20.000000,0.100000,0.929147
2,20.000000,0.010000,0.933977
2,20.000000,0.001000,0.876006
2,20.000000,0.000100,0.866345
2,20.000000,0.200000,0.922705
2,20.000000,0.020000,0.937198
2,20.000000,0.002000,0.882448
2,20.000000,0.000200,0.866345
2,20.000000,0.300000,0.913043
2,20.000000,0.030000,0.929147
2,20.000000,0.003000,0.877617
2,20.000000,0.000300,0.867955
2,20.000000,0.400000,0.906602
2,20.000000,0.040000,0.929147
2,20.000000,0.004000,0.925926
2,20.000000,0.000400,0.869565
2,20.000000,0.500000,0.896940
2,20.000000,0.050000,0.933977
2,20.000000,0.005000,0.935588
2,20.000000,0.000500,0.871176
3,30.000000,0.100000,0.925926
3,30.000000,0.010000,0.932367
3,30.000000,0.001000,0.882448
3,30.000000,0.000100,0.866345
3,30.000000,0.200000,0.921095
3,30.000000,0.020000,0.935588
3,30.000000,0.002000,0.877617
3,30.000000,0.000200,0.867955
3,30.000000,0.300000,0.914654
3,30.000000,0.030000,0.932367
3,30.000000,0.003000,0.927536
3,30.000000,0.000300,0.871176
3,30.000000,0.400000,0.904992
3,30.000000,0.040000,0.935588
3,30.000000,0.004000,0.932367
3,30.000000,0.000400,0.871176
3,30.000000,0.500000,0.896940
3,30.000000,0.050000,0.930757
3,30.000000,0.005000,0.933977
3,30.000000,0.000500,0.872786
4,40.000000,0.100000,0.924316
4,40.000000,0.010000,0.932367
4,40.000000,0.001000,0.882448
4,40.000000,0.000100,0.866345
4,40.000000,0.200000,0.917874
4,40.000000,0.020000,0.932367
4,40.000000,0.002000,0.882448
4,40.000000,0.000200,0.869565
4,40.000000,0.300000,0.913043
4,40.000000,0.030000,0.937198
4,40.000000,0.003000,0.932367
4,40.000000,0.000300,0.871176
4,40.000000,0.400000,0.904992
4,40.000000,0.040000,0.933977
4,40.000000,0.004000,0.929147
4,40.000000,0.000400,0.876006
4,40.000000,0.500000,0.898551
4,40.000000,0.050000,0.929147
4,40.000000,0.005000,0.932367
4,40.000000,0.000500,0.877617
5,50.000000,0.100000,0.924316
5,50.000000,0.010000,0.930757
5,50.000000,0.001000,0.884058
5,50.000000,0.000100,0.867955
5,50.000000,0.200000,0.919485
5,50.000000,0.020000,0.932367
5,50.000000,0.002000,0.888889
5,50.000000,0.000200,0.871176
5,50.000000,0.300000,0.911433
5,50.000000,0.030000,0.933977
5,50.000000,0.003000,0.929147
5,50.000000,0.000300,0.874396
5,50.000000,0.400000,0.904992
5,50.000000,0.040000,0.932367
5,50.000000,0.004000,0.927536
5,50.000000,0.000400,0.872786
5,50.000000,0.500000,0.896940
5,50.000000,0.050000,0.932367
5,50.000000,0.005000,0.927536
5,50.000000,0.000500,0.884058
6,60.000000,0.100000,0.922705
6,60.000000,0.010000,0.933977
6,60.000000,0.001000,0.882448
6,60.000000,0.000100,0.869565
6,60.000000,0.200000,0.917874
6,60.000000,0.020000,0.930757
6,60.000000,0.002000,0.914654
6,60.000000,0.000200,0.871176
6,60.000000,0.300000,0.911433
6,60.000000,0.030000,0.933977
6,60.000000,0.003000,0.930757
6,60.000000,0.000300,0.876006
6,60.000000,0.400000,0.908213
6,60.000000,0.040000,0.932367
6,60.000000,0.004000,0.927536
6,60.000000,0.000400,0.884058
6,60.000000,0.500000,0.895330
6,60.000000,0.050000,0.929147
6,60.000000,0.005000,0.927536
6,60.000000,0.000500,0.885668
7,70.000000,0.100000,0.922705
7,70.000000,0.010000,0.933977
7,70.000000,0.001000,0.879227
7,70.000000,0.000100,0.869565
7,70.000000,0.200000,0.916264
7,70.000000,0.020000,0.930757
7,70.000000,0.002000,0.929147
7,70.000000,0.000200,0.874396
7,70.000000,0.300000,0.911433
7,70.000000,0.030000,0.929147
7,70.000000,0.003000,0.932367
7,70.000000,0.000300,0.872786
7,70.000000,0.400000,0.906602
7,70.000000,0.040000,0.930757
7,70.000000,0.004000,0.927536
7,70.000000,0.000400,0.885668
7,70.000000,0.500000,0.890499
7,70.000000,0.050000,0.927536
7,70.000000,0.005000,0.927536
7,70.000000,0.000500,0.884058
8,80.000000,0.100000,0.922705
8,80.000000,0.010000,0.933977
8,80.000000,0.001000,0.876006
8,80.000000,0.000100,0.869565
8,80.000000,0.200000,0.919485
8,80.000000,0.020000,0.930757
8,80.000000,0.002000,0.929147
8,80.000000,0.000200,0.876006
8,80.000000,0.300000,0.913043
8,80.000000,0.030000,0.929147
8,80.000000,0.003000,0.929147
8,80.000000,0.000300,0.884058
8,80.000000,0.400000,0.906602
8,80.000000,0.040000,0.930757
8,80.000000,0.004000,0.927536
8,80.000000,0.000400,0.884058
8,80.000000,0.500000,0.890499
8,80.000000,0.050000,0.929147
8,80.000000,0.005000,0.927536
8,80.000000,0.000500,0.885668
9,90.000000,0.100000,0.924316
9,90.000000,0.010000,0.929147
9,90.000000,0.001000,0.876006
9,90.000000,0.000100,0.869565
9,90.000000,0.200000,0.919485
9,90.000000,0.020000,0.933977
9,90.000000,0.002000,0.927536
9,90.000000,0.000200,0.876006
9,90.000000,0.300000,0.913043
9,90.000000,0.030000,0.929147
9,90.000000,0.003000,0.925926
9,90.000000,0.000300,0.887279
9,90.000000,0.400000,0.906602
9,90.000000,0.040000,0.930757
9,90.000000,0.004000,0.927536
9,90.000000,0.000400,0.885668
9,90.000000,0.500000,0.887279
9,90.000000,0.050000,0.927536
9,90.000000,0.005000,0.927536
9,90.000000,0.000500,0.884058
10,100.000000,0.100000,0.924316
10,100.000000,0.010000,0.924316
10,100.000000,0.001000,0.876006
10,100.000000,0.000100,0.871176
10,100.000000,0.200000,0.917874
10,100.000000,0.020000,0.932367
10,100.000000,0.002000,0.927536
10,100.000000,0.000200,0.872786
10,100.000000,0.300000,0.914654
10,100.000000,0.030000,0.929147
10,100.000000,0.003000,0.925926
10,100.000000,0.000300,0.884058
10,100.000000,0.400000,0.904992
10,100.000000,0.040000,0.932367
10,100.000000,0.004000,0.927536
10,100.000000,0.000400,0.885668
10,100.000000,0.500000,0.887279
10,100.000000,0.050000,0.929147
10,100.000000,0.005000,0.929147
10,100.000000,0.000500,0.884058
11,110.000000,0.100000,0.924316
11,110.000000,0.010000,0.924316
11,110.000000,0.001000,0.874396
11,110.000000,0.000100,0.871176
11,110.000000,0.200000,0.914654
11,110.000000,0.020000,0.932367
11,110.000000,0.002000,0.927536
11,110.000000,0.000200,0.874396
11,110.000000,0.300000,0.914654
11,110.000000,0.030000,0.929147
11,110.000000,0.003000,0.925926
11,110.000000,0.000300,0.884058
11,110.000000,0.400000,0.903382
11,110.000000,0.040000,0.930757
11,110.000000,0.004000,0.929147
11,110.000000,0.000400,0.884058
11,110.000000,0.500000,0.885668
11,110.000000,0.050000,0.929147
11,110.000000,0.005000,0.929147
11,110.000000,0.000500,0.882448
12,120.000000,0.100000,0.924316
12,120.000000,0.010000,0.924316
12,120.000000,0.001000,0.874396
12,120.000000,0.000100,0.871176
12,120.000000,0.200000,0.914654
12,120.000000,0.020000,0.930757
12,120.000000,0.002000,0.925926
12,120.000000,0.000200,0.884058
12,120.000000,0.300000,0.911433
12,120.000000,0.030000,0.929147
12,120.000000,0.003000,0.925926
12,120.000000,0.000300,0.884058
12,120.000000,0.400000,0.900161
12,120.000000,0.040000,0.930757
12,120.000000,0.004000,0.929147
12,120.000000,0.000400,0.884058
12,120.000000,0.500000,0.885668
12,120.000000,0.050000,0.925926
12,120.000000,0.005000,0.929147
12,120.000000,0.000500,0.879227
13,130.000000,0.100000,0.925926
13,130.000000,0.010000,0.925926
13,130.000000,0.001000,0.874396
13,130.000000,0.000100,0.872786
13,130.000000,0.200000,0.916264
13,130.000000,0.020000,0.927536
13,130.000000,0.002000,0.924316
13,130.000000,0.000200,0.885668
13,130.000000,0.300000,0.911433
13,130.000000,0.030000,0.929147
13,130.000000,0.003000,0.925926
13,130.000000,0.000300,0.885668
13,130.000000,0.400000,0.900161
13,130.000000,0.040000,0.930757
13,130.000000,0.004000,0.929147
13,130.000000,0.000400,0.882448
13,130.000000,0.500000,0.885668
13,130.000000,0.050000,0.925926
13,130.000000,0.005000,0.929147
13,130.000000,0.000500,0.877617
14,140.000000,0.100000,0.924316
14,140.000000,0.010000,0.924316
14,140.000000,0.001000,0.874396
14,140.000000,0.000100,0.874396
14,140.000000,0.200000,0.916264
14,140.000000,0.020000,0.929147
14,140.000000,0.002000,0.929147
14,140.000000,0.000200,0.885668
14,140.000000,0.300000,0.911433
14,140.000000,0.030000,0.927536
14,140.000000,0.003000,0.925926
14,140.000000,0.000300,0.885668
14,140.000000,0.400000,0.898551
14,140.000000,0.040000,0.930757
14,140.000000,0.004000,0.929147
14,140.000000,0.000400,0.879227
14,140.000000,0.500000,0.885668
14,140.000000,0.050000,0.925926
14,140.000000,0.005000,0.927536
14,140.000000,0.000500,0.877617
15,150.000000,0.100000,0.924316
15,150.000000,0.010000,0.924316
15,150.000000,0.001000,0.872786
15,150.000000,0.000100,0.874396
15,150.000000,0.200000,0.916264
15,150.000000,0.020000,0.929147
15,150.000000,0.002000,0.929147
15,150.000000,0.000200,0.884058
15,150.000000,0.300000,0.911433
15,150.000000,0.030000,0.929147
15,150.000000,0.003000,0.927536
15,150.000000,0.000300,0.885668
15,150.000000,0.400000,0.896940
15,150.000000,0.040000,0.929147
15,150.000000,0.004000,0.929147
15,150.000000,0.000400,0.879227
15,150.000000,0.500000,0.885668
15,150.000000,0.050000,0.927536
15,150.000000,0.005000,0.927536
15,150.000000,0.000500,0.877617
16,160.000000,0.100000,0.922705
16,160.000000,0.010000,0.924316
16,160.000000,0.001000,0.877617
16,160.000000,0.000100,0.876006
16,160.000000,0.200000,0.916264
16,160.000000,0.020000,0.929147
16,160.000000,0.002000,0.929147
16,160.000000,0.000200,0.884058
16,160.000000,0.300000,0.911433
16,160.000000,0.030000,0.930757
16,160.000000,0.003000,0.927536
16,160.000000,0.000300,0.884058
16,160.000000,0.400000,0.895330
16,160.000000,0.040000,0.927536
16,160.000000,0.004000,0.929147
16,160.000000,0.000400,0.879227
16,160.000000,0.500000,0.887279
16,160.000000,0.050000,0.927536
16,160.000000,0.005000,0.929147
16,160.000000,0.000500,0.879227
17,170.000000,0.100000,0.922705
17,170.000000,0.010000,0.924316
17,170.000000,0.001000,0.892110
17,170.000000,0.000100,0.876006
17,170.000000,0.200000,0.917874
17,170.000000,0.020000,0.929147
17,170.000000,0.002000,0.930757
17,170.000000,0.000200,0.885668
17,170.000000,0.300000,0.911433
17,170.000000,0.030000,0.927536
17,170.000000,0.003000,0.927536
17,170.000000,0.000300,0.882448
17,170.000000,0.400000,0.893720
17,170.000000,0.040000,0.927536
17,170.000000,0.004000,0.929147
17,170.000000,0.000400,0.879227
17,170.000000,0.500000,0.887279
17,170.000000,0.050000,0.924316
17,170.000000,0.005000,0.930757
17,170.000000,0.000500,0.876006
18,180.000000,0.100000,0.927536
18,180.000000,0.010000,0.922705
18,180.000000,0.001000,0.892110
18,180.000000,0.000100,0.876006
18,180.000000,0.200000,0.917874
18,180.000000,0.020000,0.929147
18,180.000000,0.002000,0.930757
18,180.000000,0.000200,0.885668
18,180.000000,0.300000,0.909823
18,180.000000,0.030000,0.927536
18,180.000000,0.003000,0.927536
18,180.000000,0.000300,0.879227
18,180.000000,0.400000,0.895330
18,180.000000,0.040000,0.927536
18,180.000000,0.004000,0.927536
18,180.000000,0.000400,0.877617
18,180.000000,0.500000,0.887279
18,180.000000,0.050000,0.924316
18,180.000000,0.005000,0.929147
18,180.000000,0.000500,0.876006
19,190.000000,0.100000,0.927536
19,190.000000,0.010000,0.924316
19,190.000000,0.001000,0.916264
19,190.000000,0.000100,0.872786
19,190.000000,0.200000,0.917874
19,190.000000,0.020000,0.929147
19,190.000000,0.002000,0.930757
19,190.000000,0.000200,0.885668
19,190.000000,0.300000,0.908213
19,190.000000,0.030000,0.927536
19,190.000000,0.003000,0.929147
19,190.000000,0.000300,0.879227
19,190.000000,0.400000,0.895330
19,190.000000,0.040000,0.927536
19,190.000000,0.004000,0.927536
19,190.000000,0.000400,0.879227
19,190.000000,0.500000,0.887279
19,190.000000,0.050000,0.924316
19,190.000000,0.005000,0.929147
19,190.000000,0.000500,0.876006
20,200.000000,0.100000,0.929147
20,200.000000,0.010000,0.925926
20,200.000000,0.001000,0.929147
20,200.000000,0.000100,0.872786
20,200.000000,0.200000,0.917874
20,200.000000,0.020000,0.930757
20,200.000000,0.002000,0.927536
20,200.000000,0.000200,0.885668
20,200.000000,0.300000,0.908213
20,200.000000,0.030000,0.927536
20,200.000000,0.003000,0.929147
20,200.000000,0.000300,0.879227
20,200.000000,0.400000,0.895330
20,200.000000,0.040000,0.927536
20,200.000000,0.004000,0.927536
20,200.000000,0.000400,0.879227
20,200.000000,0.500000,0.885668
20,200.000000,0.050000,0.925926
20,200.000000,0.005000,0.929147
20,200.000000,0.000500,0.877617
21,210.000000,0.100000,0.929147
21,210.000000,0.010000,0.924316
21,210.000000,0.001000,0.929147
21,210.000000,0.000100,0.876006
21,210.000000,0.200000,0.919485
21,210.000000,0.020000,0.930757
21,210.000000,0.002000,0.927536
21,210.000000,0.000200,0.885668
21,210.000000,0.300000,0.908213
21,210.000000,0.030000,0.927536
21,210.000000,0.003000,0.929147
21,210.000000,0.000300,0.879227
21,210.000000,0.400000,0.893720
21,210.000000,0.040000,0.927536
21,210.000000,0.004000,0.927536
21,210.000000,0.000400,0.879227
21,210.000000,0.500000,0.885668
21,210.000000,0.050000,0.925926
21,210.000000,0.005000,0.930757
21,210.000000,0.000500,0.876006
22,220.000000,0.100000,0.929147
22,220.000000,0.010000,0.925926
22,220.000000,0.001000,0.927536
22,220.000000,0.000100,0.876006
22,220.000000,0.200000,0.921095
22,220.000000,0.020000,0.930757
22,220.000000,0.002000,0.925926
22,220.000000,0.000200,0.885668
22,220.000000,0.300000,0.908213
22,220.000000,0.030000,0.927536
22,220.000000,0.003000,0.929147
22,220.000000,0.000300,0.879227
22,220.000000,0.400000,0.895330
22,220.000000,0.040000,0.924316
22,220.000000,0.004000,0.927536
22,220.000000,0.000400,0.877617
22,220.000000,0.500000,0.880837
22,220.000000,0.050000,0.925926
22,220.000000,0.005000,0.930757
22,220.000000,0.000500,0.874396
23,230.000000,0.100000,0.929147
23,230.000000,0.010000,0.925926
23,230.000000,0.001000,0.927536
23,230.000000,0.000100,0.876006
23,230.000000,0.200000,0.921095
23,230.000000,0.020000,0.930757
23,230.000000,0.002000,0.924316
23,230.000000,0.000200,0.885668
23,230.000000,0.300000,0.908213
23,230.000000,0.030000,0.927536
23,230.000000,0.003000,0.929147
23,230.000000,0.000300,0.879227
23,230.000000,0.400000,0.895330
23,230.000000,0.040000,0.924316
23,230.000000,0.004000,0.929147
23,230.000000,0.000400,0.877617
23,230.000000,0.500000,0.877617
23,230.000000,0.050000,0.925926
23,230.000000,0.005000,0.930757
23,230.000000,0.000500,0.874396
24,240.000000,0.100000,0.927536
24,240.000000,0.010000,0.925926
24,240.000000,0.001000,0.927536
24,240.000000,0.000100,0.884058
24,240.000000,0.200000,0.921095
24,240.000000,0.020000,0.930757
24,240.000000,0.002000,0.925926
24,240.000000,0.000200,0.885668
24,240.000000,0.300000,0.909823
24,240.000000,0.030000,0.927536
24,240.000000,0.003000,0.929147
24,240.000000,0.000300,0.879227
24,240.000000,0.400000,0.895330
24,240.000000,0.040000,0.924316
24,240.000000,0.004000,0.929147
24,240.000000,0.000400,0.877617
24,240.000000,0.500000,0.876006
24,240.000000,0.050000,0.927536
24,240.000000,0.005000,0.930757
24,240.000000,0.000500,0.872786
25,250.000000,0.100000,0.927536
25,250.000000,0.010000,0.925926
25,250.000000,0.001000,0.927536
25,250.000000,0.000100,0.885668
25,250.000000,0.200000,0.921095
25,250.000000,0.020000,0.927536
25,250.000000,0.002000,0.925926
25,250.000000,0.000200,0.884058
25,250.000000,0.300000,0.908213
25,250.000000,0.030000,0.924316
25,250.000000,0.003000,0.929147
25,250.000000,0.000300,0.879227
25,250.000000,0.400000,0.895330
25,250.000000,0.040000,0.924316
25,250.000000,0.004000,0.929147
25,250.000000,0.000400,0.879227
25,250.000000,0.500000,0.876006
25,250.000000,0.050000,0.925926
25,250.000000,0.005000,0.930757
25,250.000000,0.000500,0.872786
26,260.000000,0.100000,0.925926
26,260.000000,0.010000,0.925926
26,260.000000,0.001000,0.927536
26,260.000000,0.000100,0.885668
26,260.000000,0.200000,0.921095
26,260.000000,0.020000,0.929147
26,260.000000,0.002000,0.925926
26,260.000000,0.000200,0.879227
26,260.000000,0.300000,0.908213
26,260.000000,0.030000,0.924316
26,260.000000,0.003000,0.929147
26,260.000000,0.000300,0.879227
26,260.000000,0.400000,0.895330
26,260.000000,0.040000,0.924316
26,260.000000,0.004000,0.929147
26,260.000000,0.000400,0.879227
26,260.000000,0.500000,0.876006
26,260.000000,0.050000,0.925926
26,260.000000,0.005000,0.929147
26,260.000000,0.000500,0.872786
27,270.000000,0.100000,0.924316
27,270.000000,0.010000,0.925926
27,270.000000,0.001000,0.927536
27,270.000000,0.000100,0.885668
27,270.000000,0.200000,0.919485
27,270.000000,0.020000,0.927536
27,270.000000,0.002000,0.927536
27,270.000000,0.000200,0.879227
27,270.000000,0.300000,0.908213
27,270.000000,0.030000,0.924316
27,270.000000,0.003000,0.929147
27,270.000000,0.000300,0.879227
27,270.000000,0.400000,0.895330
27,270.000000,0.040000,0.924316
27,270.000000,0.004000,0.927536
27,270.000000,0.000400,0.876006
27,270.000000,0.500000,0.876006
27,270.000000,0.050000,0.924316
27,270.000000,0.005000,0.930757
27,270.000000,0.000500,0.872786
28,280.000000,0.100000,0.925926
28,280.000000,0.010000,0.925926
28,280.000000,0.001000,0.929147
28,280.000000,0.000100,0.885668
28,280.000000,0.200000,0.919485
28,280.000000,0.020000,0.927536
28,280.000000,0.002000,0.927536
28,280.000000,0.000200,0.879227
28,280.000000,0.300000,0.908213
28,280.000000,0.030000,0.924316
28,280.000000,0.003000,0.929147
28,280.000000,0.000300,0.879227
28,280.000000,0.400000,0.895330
28,280.000000,0.040000,0.924316
28,280.000000,0.004000,0.927536
28,280.000000,0.000400,0.876006
28,280.000000,0.500000,0.876006
28,280.000000,0.050000,0.924316
28,280.000000,0.005000,0.930757
28,280.000000,0.000500,0.872786
29,290.000000,0.100000,0.927536
29,290.000000,0.010000,0.925926
29,290.000000,0.001000,0.927536
29,290.000000,0.000100,0.885668
29,290.000000,0.200000,0.919485
29,290.000000,0.020000,0.927536
29,290.000000,0.002000,0.927536
29,290.000000,0.000200,0.879227
29,290.000000,0.300000,0.908213
29,290.000000,0.030000,0.924316
29,290.000000,0.003000,0.930757
29,290.000000,0.000300,0.879227
29,290.000000,0.400000,0.895330
29,290.000000,0.040000,0.924316
29,290.000000,0.004000,0.925926
29,290.000000,0.000400,0.872786
29,290.000000,0.500000,0.876006
29,290.000000,0.050000,0.924316
29,290.000000,0.005000,0.930757
29,290.000000,0.000500,0.871176
30,300.000000,0.100000,0.927536
30,300.000000,0.010000,0.924316
30,300.000000,0.001000,0.925926
30,300.000000,0.000100,0.884058
30,300.000000,0.200000,0.919485
30,300.000000,0.020000,0.927536
30,300.000000,0.002000,0.927536
30,300.000000,0.000200,0.879227
30,300.000000,0.300000,0.908213
30,300.000000,0.030000,0.924316
30,300.000000,0.003000,0.930757
30,300.000000,0.000300,0.879227
30,300.000000,0.400000,0.895330
30,300.000000,0.040000,0.924316
30,300.000000,0.004000,0.925926
30,300.000000,0.000400,0.872786
30,300.000000,0.500000,0.876006
30,300.000000,0.050000,0.924316
30,300.000000,0.005000,0.930757
30,300.000000,0.000500,0.869565
31,310.000000,0.100000,0.929147
31,310.000000,0.010000,0.924316
31,310.000000,0.001000,0.925926
31,310.000000,0.000100,0.884058
31,310.000000,0.200000,0.916264
31,310.000000,0.020000,0.925926
31,310.000000,0.002000,0.927536
31,310.000000,0.000200,0.879227
31,310.000000,0.300000,0.908213
31,310.000000,0.030000,0.924316
31,310.000000,0.003000,0.929147
31,310.000000,0.000300,0.879227
31,310.000000,0.400000,0.895330
31,310.000000,0.040000,0.924316
31,310.000000,0.004000,0.925926
31,310.000000,0.000400,0.872786
31,310.000000,0.500000,0.876006
31,310.000000,0.050000,0.922705
31,310.000000,0.005000,0.930757
31,310.000000,0.000500,0.869565
32,320.000000,0.100000,0.929147
32,320.000000,0.010000,0.925926
32,320.000000,0.001000,0.924316
32,320.000000,0.000100,0.885668
32,320.000000,0.200000,0.916264
32,320.000000,0.020000,0.925926
32,320.000000,0.002000,0.927536
32,320.000000,0.000200,0.879227
32,320.000000,0.300000,0.911433
32,320.000000,0.030000,0.922705
32,320.000000,0.003000,0.929147
32,320.000000,0.000300,0.877617
32,320.000000,0.400000,0.893720
32,320.000000,0.040000,0.924316
32,320.000000,0.004000,0.927536
32,320.000000,0.000400,0.872786
32,320.000000,0.500000,0.876006
32,320.000000,0.050000,0.924316
32,320.000000,0.005000,0.929147
32,320.000000,0.000500,0.866345
33,330.000000,0.100000,0.929147
33,330.000000,0.010000,0.925926
33,330.000000,0.001000,0.925926
33,330.000000,0.000100,0.885668
33,330.000000,0.200000,0.916264
33,330.000000,0.020000,0.925926
33,330.000000,0.002000,0.927536
33,330.000000,0.000200,0.879227
33,330.000000,0.300000,0.911433
33,330.000000,0.030000,0.922705
33,330.000000,0.003000,0.927536
33,330.000000,0.000300,0.879227
33,330.000000,0.400000,0.893720
33,330.000000,0.040000,0.924316
33,330.000000,0.004000,0.927536
33,330.000000,0.000400,0.872786
33,330.000000,0.500000,0.876006
33,330.000000,0.050000,0.924316
33,330.000000,0.005000,0.929147
33,330.000000,0.000500,0.867955
34,340.000000,0.100000,0.929147
34,340.000000,0.010000,0.925926
34,340.000000,0.001000,0.925926
34,340.000000,0.000100,0.887279
34,340.000000,0.200000,0.916264
34,340.000000,0.020000,0.927536
34,340.000000,0.002000,0.927536
34,340.000000,0.000200,0.879227
34,340.000000,0.300000,0.909823
34,340.000000,0.030000,0.924316
34,340.000000,0.003000,0.929147
34,340.000000,0.000300,0.879227
34,340.000000,0.400000,0.893720
34,340.000000,0.040000,0.924316
34,340.000000,0.004000,0.927536
34,340.000000,0.000400,0.872786
34,340.000000,0.500000,0.876006
34,340.000000,0.050000,0.924316
34,340.000000,0.005000,0.929147
34,340.000000,0.000500,0.874396
35,350.000000,0.100000,0.927536
35,350.000000,0.010000,0.925926
35,350.000000,0.001000,0.925926
35,350.000000,0.000100,0.885668
35,350.000000,0.200000,0.916264
35,350.000000,0.020000,0.927536
35,350.000000,0.002000,0.927536
35,350.000000,0.000200,0.879227
35,350.000000,0.300000,0.909823
35,350.000000,0.030000,0.924316
35,350.000000,0.003000,0.929147
35,350.000000,0.000300,0.879227
35,350.000000,0.400000,0.893720
35,350.000000,0.040000,0.924316
35,350.000000,0.004000,0.930757
35,350.000000,0.000400,0.871176
35,350.000000,0.500000,0.877617
35,350.000000,0.050000,0.924316
35,350.000000,0.005000,0.929147
35,350.000000,0.000500,0.874396
36,360.000000,0.100000,0.927536
36,360.000000,0.010000,0.925926
36,360.000000,0.001000,0.925926
36,360.000000,0.000100,0.885668
36,360.000000,0.200000,0.916264
36,360.000000,0.020000,0.927536
36,360.000000,0.002000,0.927536
36,360.000000,0.000200,0.879227
36,360.000000,0.300000,0.908213
36,360.000000,0.030000,0.924316
36,360.000000,0.003000,0.927536
36,360.000000,0.000300,0.879227
36,360.000000,0.400000,0.893720
36,360.000000,0.040000,0.917874
36,360.000000,0.004000,0.930757
36,360.000000,0.000400,0.871176
36,360.000000,0.500000,0.877617
36,360.000000,0.050000,0.924316
36,360.000000,0.005000,0.929147
36,360.000000,0.000500,0.874396
37,370.000000,0.100000,0.927536
37,370.000000,0.010000,0.925926
37,370.000000,0.001000,0.925926
37,370.000000,0.000100,0.885668
37,370.000000,0.200000,0.916264
37,370.000000,0.020000,0.927536
37,370.000000,0.002000,0.927536
37,370.000000,0.000200,0.879227
37,370.000000,0.300000,0.908213
37,370.000000,0.030000,0.922705
37,370.000000,0.003000,0.927536
37,370.000000,0.000300,0.877617
37,370.000000,0.400000,0.892110
37,370.000000,0.040000,0.917874
37,370.000000,0.004000,0.932367
37,370.000000,0.000400,0.869565
37,370.000000,0.500000,0.877617
37,370.000000,0.050000,0.924316
37,370.000000,0.005000,0.930757
37,370.000000,0.000500,0.867955
38,380.000000,0.100000,0.927536
38,380.000000,0.010000,0.925926
38,380.000000,0.001000,0.925926
38,380.000000,0.000100,0.885668
38,380.000000,0.200000,0.916264
38,380.000000,0.020000,0.925926
38,380.000000,0.002000,0.927536
38,380.000000,0.000200,0.879227
38,380.000000,0.300000,0.906602
38,380.000000,0.030000,0.922705
38,380.000000,0.003000,0.927536
38,380.000000,0.000300,0.876006
38,380.000000,0.400000,0.892110
38,380.000000,0.040000,0.919485
38,380.000000,0.004000,0.930757
38,380.000000,0.000400,0.866345
38,380.000000,0.500000,0.877617
38,380.000000,0.050000,0.925926
38,380.000000,0.005000,0.929147
38,380.000000,0.000500,0.867955
39,390.000000,0.100000,0.927536
39,390.000000,0.010000,0.925926
39,390.000000,0.001000,0.925926
39,390.000000,0.000100,0.885668
39,390.000000,0.200000,0.916264
39,390.000000,0.020000,0.922705
39,390.000000,0.002000,0.927536
39,390.000000,0.000200,0.879227
39,390.000000,0.300000,0.906602
39,390.000000,0.030000,0.922705
39,390.000000,0.003000,0.927536
39,390.000000,0.000300,0.876006
39,390.000000,0.400000,0.892110
39,390.000000,0.040000,0.922705
39,390.000000,0.004000,0.930757
39,390.000000,0.000400,0.866345
39,390.000000,0.500000,0.877617
39,390.000000,0.050000,0.925926
39,390.000000,0.005000,0.929147
39,390.000000,0.000500,0.867955
40,400.000000,0.100000,0.927536
40,400.000000,0.010000,0.925926
40,400.000000,0.001000,0.925926
40,400.000000,0.000100,0.885668
40,400.000000,0.200000,0.916264
40,400.000000,0.020000,0.922705
40,400.000000,0.002000,0.927536
40,400.000000,0.000200,0.879227
40,400.000000,0.300000,0.906602
40,400.000000,0.030000,0.922705
40,400.000000,0.003000,0.927536
40,400.000000,0.000300,0.877617
40,400.000000,0.400000,0.892110
40,400.000000,0.040000,0.922705
40,400.000000,0.004000,0.929147
40,400.000000,0.000400,0.866345
40,400.000000,0.500000,0.877617
40,400.000000,0.050000,0.922705
40,400.000000,0.005000,0.929147
40,400.000000,0.000500,0.867955
41,410.000000,0.100000,0.927536
41,410.000000,0.010000,0.925926
41,410.000000,0.001000,0.925926
41,410.000000,0.000100,0.885668
41,410.000000,0.200000,0.917874
41,410.000000,0.020000,0.924316
41,410.000000,0.002000,0.929147
41,410.000000,0.000200,0.879227
41,410.000000,0.300000,0.904992
41,410.000000,0.030000,0.922705
41,410.000000,0.003000,0.927536
41,410.000000,0.000300,0.877617
41,410.000000,0.400000,0.888889
41,410.000000,0.040000,0.922705
41,410.000000,0.004000,0.929147
41,410.000000,0.000400,0.866345
41,410.000000,0.500000,0.877617
41,410.000000,0.050000,0.922705
41,410.000000,0.005000,0.925926
41,410.000000,0.000500,0.866345
42,420.000000,0.100000,0.927536
42,420.000000,0.010000,0.925926
42,420.000000,0.001000,0.924316
42,420.000000,0.000100,0.885668
42,420.000000,0.200000,0.917874
42,420.000000,0.020000,0.924316
42,420.000000,0.002000,0.929147
42,420.000000,0.000200,0.879227
42,420.000000,0.300000,0.903382
42,420.000000,0.030000,0.922705
42,420.000000,0.003000,0.927536
42,420.000000,0.000300,0.877617
42,420.000000,0.400000,0.888889
42,420.000000,0.040000,0.921095
42,420.000000,0.004000,0.927536
42,420.000000,0.000400,0.866345
42,420.000000,0.500000,0.880837
42,420.000000,0.050000,0.922705
42,420.000000,0.005000,0.929147
42,420.000000,0.000500,0.866345
43,430.000000,0.100000,0.927536
43,430.000000,0.010000,0.925926
43,430.000000,0.001000,0.924316
43,430.000000,0.000100,0.885668
43,430.000000,0.200000,0.916264
43,430.000000,0.020000,0.924316
43,430.000000,0.002000,0.929147
43,430.000000,0.000200,0.879227
43,430.000000,0.300000,0.903382
43,430.000000,0.030000,0.922705
43,430.000000,0.003000,0.927536
43,430.000000,0.000300,0.876006
43,430.000000,0.400000,0.888889
43,430.000000,0.040000,0.921095
43,430.000000,0.004000,0.930757
43,430.000000,0.000400,0.867955
43,430.000000,0.500000,0.880837
43,430.000000,0.050000,0.922705
43,430.000000,0.005000,0.925926
43,430.000000,0.000500,0.866345
44,440.000000,0.100000,0.927536
44,440.000000,0.010000,0.925926
44,440.000000,0.001000,0.924316
44,440.000000,0.000100,0.885668
44,440.000000,0.200000,0.916264
44,440.000000,0.020000,0.924316
44,440.000000,0.002000,0.929147
44,440.000000,0.000200,0.879227
44,440.000000,0.300000,0.903382
44,440.000000,0.030000,0.922705
44,440.000000,0.003000,0.927536
44,440.000000,0.000300,0.874396
44,440.000000,0.400000,0.888889
44,440.000000,0.040000,0.921095
44,440.000000,0.004000,0.930757
44,440.000000,0.000400,0.866345
44,440.000000,0.500000,0.880837
44,440.000000,0.050000,0.925926
44,440.000000,0.005000,0.924316
44,440.000000,0.000500,0.866345
45,450.000000,0.100000,0.927536
45,450.000000,0.010000,0.925926
45,450.000000,0.001000,0.924316
45,450.000000,0.000100,0.885668
45,450.000000,0.200000,0.916264
45,450.000000,0.020000,0.922705
45,450.000000,0.002000,0.929147
45,450.000000,0.000200,0.879227
45,450.000000,0.300000,0.903382
45,450.000000,0.030000,0.919485
45,450.000000,0.003000,0.927536
45,450.000000,0.000300,0.872786
45,450.000000,0.400000,0.885668
45,450.000000,0.040000,0.922705
45,450.000000,0.004000,0.930757
45,450.000000,0.000400,0.866345
45,450.000000,0.500000,0.880837
45,450.000000,0.050000,0.925926
45,450.000000,0.005000,0.924316
45,450.000000,0.000500,0.872786
46,460.000000,0.100000,0.927536
46,460.000000,0.010000,0.925926
46,460.000000,0.001000,0.924316
46,460.000000,0.000100,0.885668
46,460.000000,0.200000,0.916264
46,460.000000,0.020000,0.922705
46,460.000000,0.002000,0.930757
46,460.000000,0.000200,0.879227
46,460.000000,0.300000,0.903382
46,460.000000,0.030000,0.919485
46,460.000000,0.003000,0.927536
46,460.000000,0.000300,0.872786
46,460.000000,0.400000,0.888889
46,460.000000,0.040000,0.922705
46,460.000000,0.004000,0.930757
46,460.000000,0.000400,0.866345
46,460.000000,0.500000,0.880837
46,460.000000,0.050000,0.925926
46,460.000000,0.005000,0.924316
46,460.000000,0.000500,0.879227
47,470.000000,0.100000,0.927536
47,470.000000,0.010000,0.925926
47,470.000000,0.001000,0.924316
47,470.000000,0.000100,0.885668
47,470.000000,0.200000,0.914654
47,470.000000,0.020000,0.922705
47,470.000000,0.002000,0.930757
47,470.000000,0.000200,0.879227
47,470.000000,0.300000,0.903382
47,470.000000,0.030000,0.919485
47,470.000000,0.003000,0.929147
47,470.000000,0.000300,0.872786
47,470.000000,0.400000,0.888889
47,470.000000,0.040000,0.925926
47,470.000000,0.004000,0.932367
47,470.000000,0.000400,0.872786
47,470.000000,0.500000,0.880837
47,470.000000,0.050000,0.924316
47,470.000000,0.005000,0.924316
47,470.000000,0.000500,0.888889
48,480.000000,0.100000,0.927536
48,480.000000,0.010000,0.924316
48,480.000000,0.001000,0.924316
48,480.000000,0.000100,0.885668
48,480.000000,0.200000,0.914654
48,480.000000,0.020000,0.922705
48,480.000000,0.002000,0.930757
48,480.000000,0.000200,0.880837
48,480.000000,0.300000,0.903382
48,480.000000,0.030000,0.919485
48,480.000000,0.003000,0.929147
48,480.000000,0.000300,0.871176
48,480.000000,0.400000,0.888889
48,480.000000,0.040000,0.925926
48,480.000000,0.004000,0.932367
48,480.000000,0.000400,0.871176
48,480.000000,0.500000,0.880837
48,480.000000,0.050000,0.924316
48,480.000000,0.005000,0.925926
48,480.000000,0.000500,0.903382
49,490.000000,0.100000,0.927536
49,490.000000,0.010000,0.922705
49,490.000000,0.001000,0.924316
49,490.000000,0.000100,0.882448
49,490.000000,0.200000,0.914654
49,490.000000,0.020000,0.922705
49,490.000000,0.002000,0.930757
49,490.000000,0.000200,0.879227
49,490.000000,0.300000,0.903382
49,490.000000,0.030000,0.919485
49,490.000000,0.003000,0.927536
49,490.000000,0.000300,0.869565
49,490.000000,0.400000,0.888889
49,490.000000,0.040000,0.925926
49,490.000000,0.004000,0.932367
49,490.000000,0.000400,0.869565
49,490.000000,0.500000,0.880837
49,490.000000,0.050000,0.922705
49,490.000000,0.005000,0.925926
49,490.000000,0.000500,0.911433
50,500.000000,0.100000,0.927536
50,500.000000,0.010000,0.922705
50,500.000000,0.001000,0.924316
50,500.000000,0.000100,0.882448
50,500.000000,0.200000,0.914654
50,500.000000,0.020000,0.922705
50,500.000000,0.002000,0.930757
50,500.000000,0.000200,0.879227
50,500.000000,0.300000,0.903382
50,500.000000,0.030000,0.919485
50,500.000000,0.003000,0.927536
50,500.000000,0.000300,0.866345
50,500.000000,0.400000,0.888889
50,500.000000,0.040000,0.925926
50,500.000000,0.004000,0.932367
50,500.000000,0.000400,0.869565
50,500.000000,0.500000,0.880837
50,500.000000,0.050000,0.922705
50,500.000000,0.005000,0.925926
50,500.000000,0.000500,0.913043
51,510.000000,0.100000,0.927536
51,510.000000,0.010000,0.922705
51,510.000000,0.001000,0.924316
51,510.000000,0.000100,0.880837
51,510.000000,0.200000,0.914654
51,510.000000,0.020000,0.921095
51,510.000000,0.002000,0.930757
51,510.000000,0.000200,0.877617
51,510.000000,0.300000,0.903382
51,510.000000,0.030000,0.919485
51,510.000000,0.003000,0.927536
51,510.000000,0.000300,0.866345
51,510.000000,0.400000,0.888889
51,510.000000,0.040000,0.925926
51,510.000000,0.004000,0.932367
51,510.000000,0.000400,0.869565
51,510.000000,0.500000,0.879227
51,510.000000,0.050000,0.924316
51,510.000000,0.005000,0.924316
51,510.000000,0.000500,0.917874
52,520.000000,0.100000,0.927536
52,520.000000,0.010000,0.924316
52,520.000000,0.001000,0.924316
52,520.000000,0.000100,0.880837
52,520.000000,0.200000,0.914654
52,520.000000,0.020000,0.921095
52,520.000000,0.002000,0.930757
52,520.000000,0.000200,0.877617
52,520.000000,0.300000,0.903382
52,520.000000,0.030000,0.919485
52,520.000000,0.003000,0.927536
52,520.000000,0.000300,0.866345
52,520.000000,0.400000,0.887279
52,520.000000,0.040000,0.927536
52,520.000000,0.004000,0.932367
52,520.000000,0.000400,0.869565
52,520.000000,0.500000,0.879227
52,520.000000,0.050000,0.924316
52,520.000000,0.005000,0.922705
52,520.000000,0.000500,0.919485
53,530.000000,0.100000,0.927536
53,530.000000,0.010000,0.924316
53,530.000000,0.001000,0.924316
53,530.000000,0.000100,0.880837
53,530.000000,0.200000,0.914654
53,530.000000,0.020000,0.921095
53,530.000000,0.002000,0.930757
53,530.000000,0.000200,0.879227
53,530.000000,0.300000,0.903382
53,530.000000,0.030000,0.919485
53,530.000000,0.003000,0.927536
53,530.000000,0.000300,0.866345
53,530.000000,0.400000,0.887279
53,530.000000,0.040000,0.927536
53,530.000000,0.004000,0.932367
53,530.000000,0.000400,0.869565
53,530.000000,0.500000,0.879227
53,530.000000,0.050000,0.924316
53,530.000000,0.005000,0.922705
53,530.000000,0.000500,0.919485
54,540.000000,0.100000,0.927536
54,540.000000,0.010000,0.924316
54,540.000000,0.001000,0.924316
54,540.000000,0.000100,0.879227
54,540.000000,0.200000,0.914654
54,540.000000,0.020000,0.921095
54,540.000000,0.002000,0.930757
54,540.000000,0.000200,0.879227
54,540.000000,0.300000,0.903382
54,540.000000,0.030000,0.919485
54,540.000000,0.003000,0.927536
54,540.000000,0.000300,0.866345
54,540.000000,0.400000,0.887279
54,540.000000,0.040000,0.927536
54,540.000000,0.004000,0.932367
54,540.000000,0.000400,0.869565
54,540.000000,0.500000,0.879227
54,540.000000,0.050000,0.924316
54,540.000000,0.005000,0.922705
54,540.000000,0.000500,0.919485
55,550.000000,0.100000,0.925926
55,550.000000,0.010000,0.924316
55,550.000000,0.001000,0.924316
55,550.000000,0.000100,0.879227
55,550.000000,0.200000,0.916264
55,550.000000,0.020000,0.921095
55,550.000000,0.002000,0.930757
55,550.000000,0.000200,0.877617
55,550.000000,0.300000,0.903382
55,550.000000,0.030000,0.919485
55,550.000000,0.003000,0.927536
55,550.000000,0.000300,0.866345
55,550.000000,0.400000,0.887279
55,550.000000,0.040000,0.927536
55,550.000000,0.004000,0.932367
55,550.000000,0.000400,0.876006
55,550.000000,0.500000,0.879227
55,550.000000,0.050000,0.924316
55,550.000000,0.005000,0.922705
55,550.000000,0.000500,0.919485
56,560.000000,0.100000,0.925926
56,560.000000,0.010000,0.924316
56,560.000000,0.001000,0.924316
56,560.000000,0.000100,0.879227
56,560.000000,0.200000,0.916264
56,560.000000,0.020000,0.921095
56,560.000000,0.002000,0.930757
56,560.000000,0.000200,0.876006
56,560.000000,0.300000,0.901771
56,560.000000,0.030000,0.919485
56,560.000000,0.003000,0.927536
56,560.000000,0.000300,0.866345
56,560.000000,0.400000,0.887279
56,560.000000,0.040000,0.927536
56,560.000000,0.004000,0.932367
56,560.000000,0.000400,0.887279
56,560.000000,0.500000,0.879227
56,560.000000,0.050000,0.924316
56,560.000000,0.005000,0.922705
56,560.000000,0.000500,0.917874
57,570.000000,0.100000,0.925926
57,570.000000,0.010000,0.924316
57,570.000000,0.001000,0.924316
57,570.000000,0.000100,0.879227
57,570.000000,0.200000,0.916264
57,570.000000,0.020000,0.921095
57,570.000000,0.002000,0.930757
57,570.000000,0.000200,0.876006
57,570.000000,0.300000,0.901771
57,570.000000,0.030000,0.919485
57,570.000000,0.003000,0.929147
57,570.000000,0.000300,0.866345
57,570.000000,0.400000,0.887279
57,570.000000,0.040000,0.925926
57,570.000000,0.004000,0.932367
57,570.000000,0.000400,0.888889
57,570.000000,0.500000,0.879227
57,570.000000,0.050000,0.924316
57,570.000000,0.005000,0.922705
57,570.000000,0.000500,0.917874
58,580.000000,0.100000,0.925926
58,580.000000,0.010000,0.924316
58,580.000000,0.001000,0.924316
58,580.000000,0.000100,0.879227
58,580.000000,0.200000,0.916264
58,580.000000,0.020000,0.919485
58,580.000000,0.002000,0.930757
58,580.000000,0.000200,0.877617
58,580.000000,0.300000,0.901771
58,580.000000,0.030000,0.919485
58,580.000000,0.003000,0.930757
58,580.000000,0.000300,0.863124
58,580.000000,0.400000,0.887279
58,580.000000,0.040000,0.925926
58,580.000000,0.004000,0.932367
58,580.000000,0.000400,0.901771
58,580.000000,0.500000,0.879227
58,580.000000,0.050000,0.924316
58,580.000000,0.005000,0.922705
58,580.000000,0.000500,0.919485
59,590.000000,0.100000,0.927536
59,590.000000,0.010000,0.924316
59,590.000000,0.001000,0.924316
59,590.000000,0.000100,0.879227
59,590.000000,0.200000,0.916264
59,590.000000,0.020000,0.919485
59,590.000000,0.002000,0.930757
59,590.000000,0.000200,0.877617
59,590.000000,0.300000,0.903382
59,590.000000,0.030000,0.919485
59,590.000000,0.003000,0.930757
59,590.000000,0.000300,0.864734
59,590.000000,0.400000,0.887279
59,590.000000,0.040000,0.922705
59,590.000000,0.004000,0.932367
59,590.000000,0.000400,0.900161
59,590.000000,0.500000,0.879227
59,590.000000,0.050000,0.924316
59,590.000000,0.005000,0.922705
59,590.000000,0.000500,0.917874
60,600.000000,0.100000,0.927536
60,600.000000,0.010000,0.924316
60,600.000000,0.001000,0.929147
60,600.000000,0.000100,0.880837
60,600.000000,0.200000,0.916264
60,600.000000,0.020000,0.919485
60,600.000000,0.002000,0.930757
60,600.000000,0.000200,0.877617
60,600.000000,0.300000,0.903382
60,600.000000,0.030000,0.919485
60,600.000000,0.003000,0.930757
60,600.000000,0.000300,0.864734
60,600.000000,0.400000,0.887279
60,600.000000,0.040000,0.922705
60,600.000000,0.004000,0.932367
60,600.000000,0.000400,0.901771
60,600.000000,0.500000,0.879227
60,600.000000,0.050000,0.924316
60,600.000000,0.005000,0.922705
60,600.000000,0.000500,0.917874
61,610.000000,0.100000,0.925926
61,610.000000,0.010000,0.924316
61,610.000000,0.001000,0.927536
61,610.000000,0.000100,0.880837
61,610.000000,0.200000,0.916264
61,610.000000,0.020000,0.919485
61,610.000000,0.002000,0.929147
61,610.000000,0.000200,0.877617
61,610.000000,0.300000,0.903382
61,610.000000,0.030000,0.919485
61,610.000000,0.003000,0.930757
61,610.000000,0.000300,0.864734
61,610.000000,0.400000,0.887279
61,610.000000,0.040000,0.922705
61,610.000000,0.004000,0.932367
61,610.000000,0.000400,0.903382
61,610.000000,0.500000,0.879227
61,610.000000,0.050000,0.924316
61,610.000000,0.005000,0.921095
61,610.000000,0.000500,0.919485
62,620.000000,0.100000,0.925926
62,620.000000,0.010000,0.924316
62,620.000000,0.001000,0.927536
62,620.000000,0.000100,0.880837
62,620.000000,0.200000,0.916264
62,620.000000,0.020000,0.919485
62,620.000000,0.002000,0.929147
62,620.000000,0.000200,0.877617
62,620.000000,0.300000,0.903382
62,620.000000,0.030000,0.922705
62,620.000000,0.003000,0.932367
62,620.000000,0.000300,0.864734
62,620.000000,0.400000,0.887279
62,620.000000,0.040000,0.922705
62,620.000000,0.004000,0.930757
62,620.000000,0.000400,0.903382
62,620.000000,0.500000,0.879227
62,620.000000,0.050000,0.924316
62,620.000000,0.005000,0.921095
62,620.000000,0.000500,0.919485
63,630.000000,0.100000,0.925926
63,630.000000,0.010000,0.924316
63,630.000000,0.001000,0.929147
63,630.000000,0.000100,0.880837
63,630.000000,0.200000,0.919485
63,630.000000,0.020000,0.919485
63,630.000000,0.002000,0.929147
63,630.000000,0.000200,0.877617
63,630.000000,0.300000,0.903382
63,630.000000,0.030000,0.921095
63,630.000000,0.003000,0.929147
63,630.000000,0.000300,0.863124
63,630.000000,0.400000,0.887279
63,630.000000,0.040000,0.922705
63,630.000000,0.004000,0.930757
63,630.000000,0.000400,0.903382
63,630.000000,0.500000,0.879227
63,630.000000,0.050000,0.924316
63,630.000000,0.005000,0.921095
63,630.000000,0.000500,0.919485
64,640.000000,0.100000,0.925926
64,640.000000,0.010000,0.924316
64,640.000000,0.001000,0.929147
64,640.000000,0.000100,0.880837
64,640.000000,0.200000,0.917874
64,640.000000,0.020000,0.919485
64,640.000000,0.002000,0.929147
64,640.000000,0.000200,0.877617
64,640.000000,0.300000,0.903382
64,640.000000,0.030000,0.921095
64,640.000000,0.003000,0.929147
64,640.000000,0.000300,0.867955
64,640.000000,0.400000,0.887279
64,640.000000,0.040000,0.922705
64,640.000000,0.004000,0.932367
64,640.000000,0.000400,0.908213
64,640.000000,0.500000,0.879227
64,640.000000,0.050000,0.924316
64,640.000000,0.005000,0.921095
64,640.000000,0.000500,0.919485
65,650.000000,0.100000,0.927536
65,650.000000,0.010000,0.925926
65,650.000000,0.001000,0.929147
65,650.000000,0.000100,0.880837
65,650.000000,0.200000,0.917874
65,650.000000,0.020000,0.919485
65,650.000000,0.002000,0.929147
65,650.000000,0.000200,0.876006
65,650.000000,0.300000,0.903382
65,650.000000,0.030000,0.921095
65,650.000000,0.003000,0.930757
65,650.000000,0.000300,0.867955
65,650.000000,0.400000,0.887279
65,650.000000,0.040000,0.922705
65,650.000000,0.004000,0.932367
65,650.000000,0.000400,0.917874
65,650.000000,0.500000,0.879227
65,650.000000,0.050000,0.924316
65,650.000000,0.005000,0.921095
65,650.000000,0.000500,0.919485
66,660.000000,0.100000,0.927536
66,660.000000,0.010000,0.925926
66,660.000000,0.001000,0.925926
66,660.000000,0.000100,0.880837
66,660.000000,0.200000,0.917874
66,660.000000,0.020000,0.919485
66,660.000000,0.002000,0.929147
66,660.000000,0.000200,0.876006
66,660.000000,0.300000,0.901771
66,660.000000,0.030000,0.921095
66,660.000000,0.003000,0.932367
66,660.000000,0.000300,0.867955
66,660.000000,0.400000,0.887279
66,660.000000,0.040000,0.922705
66,660.000000,0.004000,0.930757
66,660.000000,0.000400,0.919485
66,660.000000,0.500000,0.880837
66,660.000000,0.050000,0.924316
66,660.000000,0.005000,0.921095
66,660.000000,0.000500,0.919485
67,670.000000,0.100000,0.927536
67,670.000000,0.010000,0.925926
67,670.000000,0.001000,0.927536
67,670.000000,0.000100,0.879227
67,670.000000,0.200000,0.917874
67,670.000000,0.020000,0.919485
67,670.000000,0.002000,0.929147
67,670.000000,0.000200,0.876006
67,670.000000,0.300000,0.900161
67,670.000000,0.030000,0.921095
67,670.000000,0.003000,0.933977
67,670.000000,0.000300,0.867955
67,670.000000,0.400000,0.887279
67,670.000000,0.040000,0.924316
67,670.000000,0.004000,0.929147
67,670.000000,0.000400,0.919485
67,670.000000,0.500000,0.884058
67,670.000000,0.050000,0.924316
67,670.000000,0.005000,0.922705
67,670.000000,0.000500,0.919485
68,680.000000,0.100000,0.927536
68,680.000000,0.010000,0.925926
68,680.000000,0.001000,0.927536
68,680.000000,0.000100,0.879227
68,680.000000,0.200000,0.917874
68,680.000000,0.020000,0.919485
68,680.000000,0.002000,0.929147
68,680.000000,0.000200,0.876006
68,680.000000,0.300000,0.900161
68,680.000000,0.030000,0.921095
68,680.000000,0.003000,0.932367
68,680.000000,0.000300,0.867955
68,680.000000,0.400000,0.887279
68,680.000000,0.040000,0.922705
68,680.000000,0.004000,0.925926
68,680.000000,0.000400,0.917874
68,680.000000,0.500000,0.884058
68,680.000000,0.050000,0.924316
68,680.000000,0.005000,0.922705
68,680.000000,0.000500,0.919485
69,690.000000,0.100000,0.927536
69,690.000000,0.010000,0.925926
69,690.000000,0.001000,0.927536
69,690.000000,0.000100,0.879227
69,690.000000,0.200000,0.917874
69,690.000000,0.020000,0.919485
69,690.000000,0.002000,0.927536
69,690.000000,0.000200,0.876006
69,690.000000,0.300000,0.900161
69,690.000000,0.030000,0.921095
69,690.000000,0.003000,0.932367
69,690.000000,0.000300,0.867955
69,690.000000,0.400000,0.887279
69,690.000000,0.040000,0.922705
69,690.000000,0.004000,0.925926
69,690.000000,0.000400,0.919485
69,690.000000,0.500000,0.884058
69,690.000000,0.050000,0.924316
69,690.000000,0.005000,0.922705
69,690.000000,0.000500,0.919485
70,700.000000,0.100000,0.927536
70,700.000000,0.010000,0.924316
70,700.000000,0.001000,0.927536
70,700.000000,0.000100,0.879227
70,700.000000,0.200000,0.916264
70,700.000000,0.020000,0.919485
70,700.000000,0.002000,0.927536
70,700.000000,0.000200,0.874396
70,700.000000,0.300000,0.900161
70,700.000000,0.030000,0.922705
70,700.000000,0.003000,0.932367
70,700.000000,0.000300,0.867955
70,700.000000,0.400000,0.887279
70,700.000000,0.040000,0.925926
70,700.000000,0.004000,0.925926
70,700.000000,0.000400,0.919485
70,700.000000,0.500000,0.884058
70,700.000000,0.050000,0.924316
70,700.000000,0.005000,0.922705
70,700.000000,0.000500,0.919485
71,710.000000,0.100000,0.927536
71,710.000000,0.010000,0.921095
71,710.000000,0.001000,0.927536
71,710.000000,0.000100,0.879227
71,710.000000,0.200000,0.916264
71,710.000000,0.020000,0.919485
71,710.000000,0.002000,0.927536
71,710.000000,0.000200,0.874396
71,710.000000,0.300000,0.900161
71,710.000000,0.030000,0.922705
71,710.000000,0.003000,0.932367
71,710.000000,0.000300,0.866345
71,710.000000,0.400000,0.890499
71,710.000000,0.040000,0.925926
71,710.000000,0.004000,0.925926
71,710.000000,0.000400,0.919485
71,710.000000,0.500000,0.884058
71,710.000000,0.050000,0.924316
71,710.000000,0.005000,0.922705
71,710.000000,0.000500,0.919485
72,720.000000,0.100000,0.927536
72,720.000000,0.010000,0.921095
72,720.000000,0.001000,0.927536
72,720.000000,0.000100,0.879227
72,720.000000,0.200000,0.916264
72,720.000000,0.020000,0.919485
72,720.000000,0.002000,0.927536
72,720.000000,0.000200,0.872786
72,720.000000,0.300000,0.900161
72,720.000000,0.030000,0.924316
72,720.000000,0.003000,0.932367
72,720.000000,0.000300,0.871176
72,720.000000,0.400000,0.890499
72,720.000000,0.040000,0.925926
72,720.000000,0.004000,0.925926
72,720.000000,0.000400,0.917874
72,720.000000,0.500000,0.884058
72,720.000000,0.050000,0.924316
72,720.000000,0.005000,0.922705
72,720.000000,0.000500,0.919485
73,730.000000,0.100000,0.927536
73,730.000000,0.010000,0.921095
73,730.000000,0.001000,0.927536
73,730.000000,0.000100,0.879227
73,730.000000,0.200000,0.916264
73,730.000000,0.020000,0.919485
73,730.000000,0.002000,0.927536
73,730.000000,0.000200,0.869565
73,730.000000,0.300000,0.900161
73,730.000000,0.030000,0.924316
73,730.000000,0.003000,0.932367
73,730.000000,0.000300,0.876006
73,730.000000,0.400000,0.890499
73,730.000000,0.040000,0.925926
73,730.000000,0.004000,0.925926
73,730.000000,0.000400,0.917874
73,730.000000,0.500000,0.882448
73,730.000000,0.050000,0.924316
73,730.000000,0.005000,0.922705
73,730.000000,0.000500,0.919485
74,740.000000,0.100000,0.927536
74,740.000000,0.010000,0.921095
74,740.000000,0.001000,0.927536
74,740.000000,0.000100,0.879227
74,740.000000,0.200000,0.916264
74,740.000000,0.020000,0.919485
74,740.000000,0.002000,0.927536
74,740.000000,0.000200,0.869565
74,740.000000,0.300000,0.900161
74,740.000000,0.030000,0.924316
74,740.000000,0.003000,0.932367
74,740.000000,0.000300,0.882448
74,740.000000,0.400000,0.890499
74,740.000000,0.040000,0.925926
74,740.000000,0.004000,0.925926
74,740.000000,0.000400,0.917874
74,740.000000,0.500000,0.882448
74,740.000000,0.050000,0.924316
74,740.000000,0.005000,0.922705
74,740.000000,0.000500,0.919485
75,750.000000,0.100000,0.925926
75,750.000000,0.010000,0.924316
75,750.000000,0.001000,0.927536
75,750.000000,0.000100,0.879227
75,750.000000,0.200000,0.916264
75,750.000000,0.020000,0.917874
75,750.000000,0.002000,0.927536
75,750.000000,0.000200,0.869565
75,750.000000,0.300000,0.900161
75,750.000000,0.030000,0.924316
75,750.000000,0.003000,0.933977
75,750.000000,0.000300,0.888889
75,750.000000,0.400000,0.890499
75,750.000000,0.040000,0.925926
75,750.000000,0.004000,0.925926
75,750.000000,0.000400,0.917874
75,750.000000,0.500000,0.882448
75,750.000000,0.050000,0.924316
75,750.000000,0.005000,0.922705
75,750.000000,0.000500,0.919485
76,760.000000,0.100000,0.925926
76,760.000000,0.010000,0.924316
76,760.000000,0.001000,0.927536
76,760.000000,0.000100,0.879227
76,760.000000,0.200000,0.916264
76,760.000000,0.020000,0.916264
76,760.000000,0.002000,0.927536
76,760.000000,0.000200,0.869565
76,760.000000,0.300000,0.900161
76,760.000000,0.030000,0.924316
76,760.000000,0.003000,0.932367
76,760.000000,0.000300,0.893720
76,760.000000,0.400000,0.890499
76,760.000000,0.040000,0.925926
76,760.000000,0.004000,0.925926
76,760.000000,0.000400,0.917874
76,760.000000,0.500000,0.882448
76,760.000000,0.050000,0.924316
76,760.000000,0.005000,0.922705
76,760.000000,0.000500,0.919485
77,770.000000,0.100000,0.925926
77,770.000000,0.010000,0.924316
77,770.000000,0.001000,0.927536
77,770.000000,0.000100,0.879227
77,770.000000,0.200000,0.916264
77,770.000000,0.020000,0.916264
77,770.000000,0.002000,0.927536
77,770.000000,0.000200,0.867955
77,770.000000,0.300000,0.900161
77,770.000000,0.030000,0.924316
77,770.000000,0.003000,0.932367
77,770.000000,0.000300,0.893720
77,770.000000,0.400000,0.890499
77,770.000000,0.040000,0.925926
77,770.000000,0.004000,0.925926
77,770.000000,0.000400,0.917874
77,770.000000,0.500000,0.882448
77,770.000000,0.050000,0.924316
77,770.000000,0.005000,0.922705
77,770.000000,0.000500,0.919485
78,780.000000,0.100000,0.925926
78,780.000000,0.010000,0.924316
78,780.000000,0.001000,0.927536
78,780.000000,0.000100,0.879227
78,780.000000,0.200000,0.916264
78,780.000000,0.020000,0.916264
78,780.000000,0.002000,0.927536
78,780.000000,0.000200,0.867955
78,780.000000,0.300000,0.900161
78,780.000000,0.030000,0.924316
78,780.000000,0.003000,0.932367
78,780.000000,0.000300,0.901771
78,780.000000,0.400000,0.890499
78,780.000000,0.040000,0.925926
78,780.000000,0.004000,0.925926
78,780.000000,0.000400,0.917874
78,780.000000,0.500000,0.882448
78,780.000000,0.050000,0.924316
78,780.000000,0.005000,0.921095
78,780.000000,0.000500,0.919485
79,790.000000,0.100000,0.925926
79,790.000000,0.010000,0.924316
79,790.000000,0.001000,0.927536
79,790.000000,0.000100,0.879227
79,790.000000,0.200000,0.916264
79,790.000000,0.020000,0.916264
79,790.000000,0.002000,0.927536
79,790.000000,0.000200,0.867955
79,790.000000,0.300000,0.900161
79,790.000000,0.030000,0.924316
79,790.000000,0.003000,0.932367
79,790.000000,0.000300,0.901771
79,790.000000,0.400000,0.890499
79,790.000000,0.040000,0.925926
79,790.000000,0.004000,0.925926
79,790.000000,0.000400,0.917874
79,790.000000,0.500000,0.882448
79,790.000000,0.050000,0.924316
79,790.000000,0.005000,0.921095
79,790.000000,0.000500,0.917874
80,800.000000,0.100000,0.925926
80,800.000000,0.010000,0.924316
80,800.000000,0.001000,0.927536
80,800.000000,0.000100,0.879227
80,800.000000,0.200000,0.916264
80,800.000000,0.020000,0.916264
80,800.000000,0.002000,0.927536
80,800.000000,0.000200,0.864734
80,800.000000,0.300000,0.900161
80,800.000000,0.030000,0.924316
80,800.000000,0.003000,0.932367
80,800.000000,0.000300,0.901771
80,800.000000,0.400000,0.890499
80,800.000000,0.040000,0.925926
80,800.000000,0.004000,0.924316
80,800.000000,0.000400,0.917874
80,800.000000,0.500000,0.882448
80,800.000000,0.050000,0.924316
80,800.000000,0.005000,0.921095
80,800.000000,0.000500,0.917874
81,810.000000,0.100000,0.925926
81,810.000000,0.010000,0.924316
81,810.000000,0.001000,0.927536
81,810.000000,0.000100,0.877617
81,810.000000,0.200000,0.916264
81,810.000000,0.020000,0.916264
81,810.000000,0.002000,0.929147
81,810.000000,0.000200,0.864734
81,810.000000,0.300000,0.900161
81,810.000000,0.030000,0.924316
81,810.000000,0.003000,0.932367
81,810.000000,0.000300,0.901771
81,810.000000,0.400000,0.890499
81,810.000000,0.040000,0.925926
81,810.000000,0.004000,0.924316
81,810.000000,0.000400,0.917874
81,810.000000,0.500000,0.882448
81,810.000000,0.050000,0.924316
81,810.000000,0.005000,0.921095
81,810.000000,0.000500,0.917874
82,820.000000,0.100000,0.925926
82,820.000000,0.010000,0.924316
82,820.000000,0.001000,0.927536
82,820.000000,0.000100,0.877617
82,820.000000,0.200000,0.916264
82,820.000000,0.020000,0.916264
82,820.000000,0.002000,0.929147
82,820.000000,0.000200,0.864734
82,820.000000,0.300000,0.900161
82,820.000000,0.030000,0.924316
82,820.000000,0.003000,0.932367
82,820.000000,0.000300,0.903382
82,820.000000,0.400000,0.890499
82,820.000000,0.040000,0.925926
82,820.000000,0.004000,0.924316
82,820.000000,0.000400,0.917874
82,820.000000,0.500000,0.882448
82,820.000000,0.050000,0.924316
82,820.000000,0.005000,0.921095
82,820.000000,0.000500,0.917874
83,830.000000,0.100000,0.925926
83,830.000000,0.010000,0.924316
83,830.000000,0.001000,0.927536
83,830.000000,0.000100,0.877617
83,830.000000,0.200000,0.916264
83,830.000000,0.020000,0.916264
83,830.000000,0.002000,0.929147
83,830.000000,0.000200,0.864734
83,830.000000,0.300000,0.900161
83,830.000000,0.030000,0.925926
83,830.000000,0.003000,0.932367
83,830.000000,0.000300,0.903382
83,830.000000,0.400000,0.890499
83,830.000000,0.040000,0.925926
83,830.000000,0.004000,0.924316
83,830.000000,0.000400,0.917874
83,830.000000,0.500000,0.882448
83,830.000000,0.050000,0.924316
83,830.000000,0.005000,0.921095
83,830.000000,0.000500,0.917874
84,840.000000,0.100000,0.925926
84,840.000000,0.010000,0.925926
84,840.000000,0.001000,0.927536
84,840.000000,0.000100,0.877617
84,840.000000,0.200000,0.916264
84,840.000000,0.020000,0.916264
84,840.000000,0.002000,0.929147
84,840.000000,0.000200,0.864734
84,840.000000,0.300000,0.900161
84,840.000000,0.030000,0.925926
84,840.000000,0.003000,0.932367
84,840.000000,0.000300,0.906602
84,840.000000,0.400000,0.890499
84,840.000000,0.040000,0.925926
84,840.000000,0.004000,0.924316
84,840.000000,0.000400,0.917874
84,840.000000,0.500000,0.882448
84,840.000000,0.050000,0.924316
84,840.000000,0.005000,0.921095
84,840.000000,0.000500,0.917874
85,850.000000,0.100000,0.925926
85,850.000000,0.010000,0.924316
85,850.000000,0.001000,0.927536
85,850.000000,0.000100,0.876006
85,850.000000,0.200000,0.916264
85,850.000000,0.020000,0.916264
85,850.000000,0.002000,0.929147
85,850.000000,0.000200,0.864734
85,850.000000,0.300000,0.900161
85,850.000000,0.030000,0.925926
85,850.000000,0.003000,0.932367
85,850.000000,0.000300,0.908213
85,850.000000,0.400000,0.890499
85,850.000000,0.040000,0.925926
85,850.000000,0.004000,0.924316
85,850.000000,0.000400,0.917874
85,850.000000,0.500000,0.882448
85,850.000000,0.050000,0.922705
85,850.000000,0.005000,0.921095
85,850.000000,0.000500,0.917874
86,860.000000,0.100000,0.925926
86,860.000000,0.010000,0.924316
86,860.000000,0.001000,0.927536
86,860.000000,0.000100,0.876006
86,860.000000,0.200000,0.916264
86,860.000000,0.020000,0.916264
86,860.000000,0.002000,0.929147
86,860.000000,0.000200,0.863124
86,860.000000,0.300000,0.900161
86,860.000000,0.030000,0.925926
86,860.000000,0.003000,0.932367
86,860.000000,0.000300,0.911433
86,860.000000,0.400000,0.890499
86,860.000000,0.040000,0.925926
86,860.000000,0.004000,0.924316
86,860.000000,0.000400,0.917874
86,860.000000,0.500000,0.882448
86,860.000000,0.050000,0.922705
86,860.000000,0.005000,0.921095
86,860.000000,0.000500,0.917874
87,870.000000,0.100000,0.925926
87,870.000000,0.010000,0.924316
87,870.000000,0.001000,0.927536
87,870.000000,0.000100,0.876006
87,870.000000,0.200000,0.916264
87,870.000000,0.020000,0.916264
87,870.000000,0.002000,0.929147
87,870.000000,0.000200,0.867955
87,870.000000,0.300000,0.900161
87,870.000000,0.030000,0.925926
87,870.000000,0.003000,0.932367
87,870.000000,0.000300,0.914654
87,870.000000,0.400000,0.890499
87,870.000000,0.040000,0.925926
87,870.000000,0.004000,0.922705
87,870.000000,0.000400,0.917874
87,870.000000,0.500000,0.884058
87,870.000000,0.050000,0.922705
87,870.000000,0.005000,0.921095
87,870.000000,0.000500,0.917874
88,880.000000,0.100000,0.925926
88,880.000000,0.010000,0.924316
88,880.000000,0.001000,0.927536
88,880.000000,0.000100,0.876006
88,880.000000,0.200000,0.916264
88,880.000000,0.020000,0.916264
88,880.000000,0.002000,0.929147
88,880.000000,0.000200,0.867955
88,880.000000,0.300000,0.900161
88,880.000000,0.030000,0.925926
88,880.000000,0.003000,0.932367
88,880.000000,0.000300,0.917874
88,880.000000,0.400000,0.890499
88,880.000000,0.040000,0.925926
88,880.000000,0.004000,0.922705
88,880.000000,0.000400,0.917874
88,880.000000,0.500000,0.884058
88,880.000000,0.050000,0.922705
88,880.000000,0.005000,0.919485
88,880.000000,0.000500,0.916264
89,890.000000,0.100000,0.925926
89,890.000000,0.010000,0.924316
89,890.000000,0.001000,0.927536
89,890.000000,0.000100,0.876006
89,890.000000,0.200000,0.916264
89,890.000000,0.020000,0.916264
89,890.000000,0.002000,0.929147
89,890.000000,0.000200,0.861514
89,890.000000,0.300000,0.900161
89,890.000000,0.030000,0.925926
89,890.000000,0.003000,0.932367
89,890.000000,0.000300,0.919485
89,890.000000,0.400000,0.888889
89,890.000000,0.040000,0.925926
89,890.000000,0.004000,0.922705
89,890.000000,0.000400,0.917874
89,890.000000,0.500000,0.884058
89,890.000000,0.050000,0.922705
89,890.000000,0.005000,0.917874
89,890.000000,0.000500,0.916264
90,900.000000,0.100000,0.925926
90,900.000000,0.010000,0.924316
90,900.000000,0.001000,0.927536
90,900.000000,0.000100,0.876006
90,900.000000,0.200000,0.916264
90,900.000000,0.020000,0.916264
90,900.000000,0.002000,0.929147
90,900.000000,0.000200,0.861514
90,900.000000,0.300000,0.898551
90,900.000000,0.030000,0.925926
90,900.000000,0.003000,0.932367
90,900.000000,0.000300,0.921095
90,900.000000,0.400000,0.888889
90,900.000000,0.040000,0.925926
90,900.000000,0.004000,0.922705
90,900.000000,0.000400,0.917874
90,900.000000,0.500000,0.884058
90,900.000000,0.050000,0.922705
90,900.000000,0.005000,0.917874
90,900.000000,0.000500,0.916264
91,910.000000,0.100000,0.925926
91,910.000000,0.010000,0.924316
91,910.000000,0.001000,0.927536
91,910.000000,0.000100,0.876006
91,910.000000,0.200000,0.916264
91,910.000000,0.020000,0.916264
91,910.000000,0.002000,0.929147
91,910.000000,0.000200,0.863124
91,910.000000,0.300000,0.898551
91,910.000000,0.030000,0.925926
91,910.000000,0.003000,0.932367
91,910.000000,0.000300,0.921095
91,910.000000,0.400000,0.888889
91,910.000000,0.040000,0.925926
91,910.000000,0.004000,0.924316
91,910.000000,0.000400,0.917874
91,910.000000,0.500000,0.884058
91,910.000000,0.050000,0.922705
91,910.000000,0.005000,0.917874
91,910.000000,0.000500,0.916264
92,920.000000,0.100000,0.925926
92,920.000000,0.010000,0.922705
92,920.000000,0.001000,0.927536
92,920.000000,0.000100,0.876006
92,920.000000,0.200000,0.916264
92,920.000000,0.020000,0.916264
92,920.000000,0.002000,0.929147
92,920.000000,0.000200,0.864734
92,920.000000,0.300000,0.898551
92,920.000000,0.030000,0.925926
92,920.000000,0.003000,0.932367
92,920.000000,0.000300,0.919485
92,920.000000,0.400000,0.888889
92,920.000000,0.040000,0.925926
92,920.000000,0.004000,0.924316
92,920.000000,0.000400,0.917874
92,920.000000,0.500000,0.884058
92,920.000000,0.050000,0.922705
92,920.000000,0.005000,0.917874
92,920.000000,0.000500,0.916264
93,930.000000,0.100000,0.925926
93,930.000000,0.010000,0.922705
93,930.000000,0.001000,0.927536
93,930.000000,0.000100,0.876006
93,930.000000,0.200000,0.916264
93,930.000000,0.020000,0.916264
93,930.000000,0.002000,0.929147
93,930.000000,0.000200,0.863124
93,930.000000,0.300000,0.898551
93,930.000000,0.030000,0.925926
93,930.000000,0.003000,0.932367
93,930.000000,0.000300,0.919485
93,930.000000,0.400000,0.888889
93,930.000000,0.040000,0.925926
93,930.000000,0.004000,0.924316
93,930.000000,0.000400,0.919485
93,930.000000,0.500000,0.884058
93,930.000000,0.050000,0.922705
93,930.000000,0.005000,0.922705
93,930.000000,0.000500,0.916264
94,940.000000,0.100000,0.925926
94,940.000000,0.010000,0.922705
94,940.000000,0.001000,0.927536
94,940.000000,0.000100,0.876006
94,940.000000,0.200000,0.916264
94,940.000000,0.020000,0.916264
94,940.000000,0.002000,0.929147
94,940.000000,0.000200,0.861514
94,940.000000,0.300000,0.898551
94,940.000000,0.030000,0.925926
94,940.000000,0.003000,0.932367
94,940.000000,0.000300,0.917874
94,940.000000,0.400000,0.888889
94,940.000000,0.040000,0.925926
94,940.000000,0.004000,0.924316
94,940.000000,0.000400,0.919485
94,940.000000,0.500000,0.884058
94,940.000000,0.050000,0.922705
94,940.000000,0.005000,0.922705
94,940.000000,0.000500,0.914654
95,950.000000,0.100000,0.925926
95,950.000000,0.010000,0.921095
95,950.000000,0.001000,0.927536
95,950.000000,0.000100,0.877617
95,950.000000,0.200000,0.916264
95,950.000000,0.020000,0.916264
95,950.000000,0.002000,0.929147
95,950.000000,0.000200,0.867955
95,950.000000,0.300000,0.898551
95,950.000000,0.030000,0.925926
95,950.000000,0.003000,0.932367
95,950.000000,0.000300,0.916264
95,950.000000,0.400000,0.888889
95,950.000000,0.040000,0.925926
95,950.000000,0.004000,0.922705
95,950.000000,0.000400,0.919485
95,950.000000,0.500000,0.884058
95,950.000000,0.050000,0.922705
95,950.000000,0.005000,0.922705
95,950.000000,0.000500,0.914654
96,960.000000,0.100000,0.925926
96,960.000000,0.010000,0.921095
96,960.000000,0.001000,0.927536
96,960.000000,0.000100,0.877617
96,960.000000,0.200000,0.914654
96,960.000000,0.020000,0.916264
96,960.000000,0.002000,0.929147
96,960.000000,0.000200,0.866345
96,960.000000,0.300000,0.898551
96,960.000000,0.030000,0.929147
96,960.000000,0.003000,0.932367
96,960.000000,0.000300,0.914654
96,960.000000,0.400000,0.888889
96,960.000000,0.040000,0.925926
96,960.000000,0.004000,0.922705
96,960.000000,0.000400,0.919485
96,960.000000,0.500000,0.884058
96,960.000000,0.050000,0.922705
96,960.000000,0.005000,0.921095
96,960.000000,0.000500,0.914654
97,970.000000,0.100000,0.925926
97,970.000000,0.010000,0.921095
97,970.000000,0.001000,0.927536
97,970.000000,0.000100,0.877617
97,970.000000,0.200000,0.914654
97,970.000000,0.020000,0.916264
97,970.000000,0.002000,0.929147
97,970.000000,0.000200,0.866345
97,970.000000,0.300000,0.898551
97,970.000000,0.030000,0.929147
97,970.000000,0.003000,0.932367
97,970.000000,0.000300,0.914654
97,970.000000,0.400000,0.890499
97,970.000000,0.040000,0.925926
97,970.000000,0.004000,0.922705
97,970.000000,0.000400,0.919485
97,970.000000,0.500000,0.884058
97,970.000000,0.050000,0.922705
97,970.000000,0.005000,0.921095
97,970.000000,0.000500,0.914654
98,980.000000,0.100000,0.927536
98,980.000000,0.010000,0.922705
98,980.000000,0.001000,0.927536
98,980.000000,0.000100,0.877617
98,980.000000,0.200000,0.914654
98,980.000000,0.020000,0.916264
98,980.000000,0.002000,0.929147
98,980.000000,0.000200,0.866345
98,980.000000,0.300000,0.898551
98,980.000000,0.030000,0.929147
98,980.000000,0.003000,0.932367
98,980.000000,0.000300,0.914654
98,980.000000,0.400000,0.890499
98,980.000000,0.040000,0.925926
98,980.000000,0.004000,0.922705
98,980.000000,0.000400,0.919485
98,980.000000,0.500000,0.884058
98,980.000000,0.050000,0.922705
98,980.000000,0.005000,0.922705
98,980.000000,0.000500,0.914654
99,990.000000,0.100000,0.927536
99,990.000000,0.010000,0.922705
99,990.000000,0.001000,0.927536
99,990.000000,0.000100,0.877617
99,990.000000,0.200000,0.914654
99,990.000000,0.020000,0.916264
99,990.000000,0.002000,0.929147
99,990.000000,0.000200,0.866345
99,990.000000,0.300000,0.898551
99,990.000000,0.030000,0.929147
99,990.000000,0.003000,0.933977
99,990.000000,0.000300,0.914654
99,990.000000,0.400000,0.890499
99,990.000000,0.040000,0.925926
99,990.000000,0.004000,0.922705
99,990.000000,0.000400,0.919485
99,990.000000,0.500000,0.884058
99,990.000000,0.050000,0.922705
99,990.000000,0.005000,0.922705
99,990.000000,0.000500,0.914654
100,1000.000000,0.100000,0.927536
100,1000.000000,0.010000,0.922705
100,1000.000000,0.001000,0.927536
100,1000.000000,0.000100,0.877617
100,1000.000000,0.200000,0.914654
100,1000.000000,0.020000,0.916264
100,1000.000000,0.002000,0.929147
100,1000.000000,0.000200,0.866345
100,1000.000000,0.300000,0.896940
100,1000.000000,0.030000,0.929147
100,1000.000000,0.003000,0.933977
100,1000.000000,0.000300,0.914654
100,1000.000000,0.400000,0.890499
100,1000.000000,0.040000,0.925926
100,1000.000000,0.004000,0.922705
100,1000.000000,0.000400,0.919485
100,1000.000000,0.500000,0.884058
100,1000.000000,0.050000,0.922705
100,1000.000000,0.005000,0.922705
100,1000.000000,0.000500,0.914654
101,1010.000000,0.100000,0.927536
101,1010.000000,0.010000,0.922705
101,1010.000000,0.001000,0.925926
101,1010.000000,0.000100,0.877617
101,1010.000000,0.200000,0.914654
101,1010.000000,0.020000,0.916264
101,1010.000000,0.002000,0.929147
101,1010.000000,0.000200,0.867955
101,1010.000000,0.300000,0.896940
101,1010.000000,0.030000,0.929147
101,1010.000000,0.003000,0.933977
101,1010.000000,0.000300,0.914654
101,1010.000000,0.400000,0.890499
101,1010.000000,0.040000,0.924316
101,1010.000000,0.004000,0.922705
101,1010.000000,0.000400,0.919485
101,1010.000000,0.500000,0.884058
101,1010.000000,0.050000,0.922705
101,1010.000000,0.005000,0.922705
101,1010.000000,0.000500,0.914654
102,1020.000000,0.100000,0.927536
102,1020.000000,0.010000,0.922705
102,1020.000000,0.001000,0.925926
102,1020.000000,0.000100,0.877617
102,1020.000000,0.200000,0.913043
102,1020.000000,0.020000,0.916264
102,1020.000000,0.002000,0.929147
102,1020.000000,0.000200,0.867955
102,1020.000000,0.300000,0.896940
102,1020.000000,0.030000,0.929147
102,1020.000000,0.003000,0.933977
102,1020.000000,0.000300,0.914654
102,1020.000000,0.400000,0.890499
102,1020.000000,0.040000,0.924316
102,1020.000000,0.004000,0.922705
102,1020.000000,0.000400,0.919485
102,1020.000000,0.500000,0.884058
102,1020.000000,0.050000,0.922705
102,1020.000000,0.005000,0.922705
102,1020.000000,0.000500,0.916264
103,1030.000000,0.100000,0.927536
103,1030.000000,0.010000,0.921095
103,1030.000000,0.001000,0.925926
103,1030.000000,0.000100,0.877617
103,1030.000000,0.200000,0.913043
103,1030.000000,0.020000,0.916264
103,1030.000000,0.002000,0.929147
103,1030.000000,0.000200,0.867955
103,1030.000000,0.300000,0.896940
103,1030.000000,0.030000,0.929147
103,1030.000000,0.003000,0.933977
103,1030.000000,0.000300,0.914654
103,1030.000000,0.400000,0.890499
103,1030.000000,0.040000,0.924316
103,1030.000000,0.004000,0.922705
103,1030.000000,0.000400,0.919485
103,1030.000000,0.500000,0.884058
103,1030.000000,0.050000,0.922705
103,1030.000000,0.005000,0.922705
103,1030.000000,0.000500,0.916264
104,1040.000000,0.100000,0.927536
104,1040.000000,0.010000,0.921095
104,1040.000000,0.001000,0.925926
104,1040.000000,0.000100,0.877617
104,1040.000000,0.200000,0.913043
104,1040.000000,0.020000,0.916264
104,1040.000000,0.002000,0.929147
104,1040.000000,0.000200,0.867955
104,1040.000000,0.300000,0.896940
104,1040.000000,0.030000,0.929147
104,1040.000000,0.003000,0.935588
104,1040.000000,0.000300,0.914654
104,1040.000000,0.400000,0.892110
104,1040.000000,0.040000,0.924316
104,1040.000000,0.004000,0.922705
104,1040.000000,0.000400,0.919485
104,1040.000000,0.500000,0.884058
104,1040.000000,0.050000,0.922705
104,1040.000000,0.005000,0.922705
104,1040.000000,0.000500,0.916264
105,1050.000000,0.100000,0.927536
105,1050.000000,0.010000,0.921095
105,1050.000000,0.001000,0.925926
105,1050.000000,0.000100,0.876006
105,1050.000000,0.200000,0.911433
105,1050.000000,0.020000,0.916264
105,1050.000000,0.002000,0.929147
105,1050.000000,0.000200,0.867955
105,1050.000000,0.300000,0.896940
105,1050.000000,0.030000,0.929147
105,1050.000000,0.003000,0.935588
105,1050.000000,0.000300,0.914654
105,1050.000000,0.400000,0.892110
105,1050.000000,0.040000,0.924316
105,1050.000000,0.004000,0.922705
105,1050.000000,0.000400,0.919485
105,1050.000000,0.500000,0.884058
105,1050.000000,0.050000,0.922705
105,1050.000000,0.005000,0.922705
105,1050.000000,0.000500,0.916264
106,1060.000000,0.100000,0.927536
106,1060.000000,0.010000,0.922705
106,1060.000000,0.001000,0.925926
106,1060.000000,0.000100,0.876006
106,1060.000000,0.200000,0.911433
106,1060.000000,0.020000,0.916264
106,1060.000000,0.002000,0.929147
106,1060.000000,0.000200,0.867955
106,1060.000000,0.300000,0.896940
106,1060.000000,0.030000,0.925926
106,1060.000000,0.003000,0.933977
106,1060.000000,0.000300,0.914654
106,1060.000000,0.400000,0.892110
106,1060.000000,0.040000,0.924316
106,1060.000000,0.004000,0.922705
106,1060.000000,0.000400,0.919485
106,1060.000000,0.500000,0.884058
106,1060.000000,0.050000,0.922705
106,1060.000000,0.005000,0.921095
106,1060.000000,0.000500,0.916264
107,1070.000000,0.100000,0.927536
107,1070.000000,0.010000,0.922705
107,1070.000000,0.001000,0.925926
107,1070.000000,0.000100,0.876006
107,1070.000000,0.200000,0.911433
107,1070.000000,0.020000,0.916264
107,1070.000000,0.002000,0.929147
107,1070.000000,0.000200,0.867955
107,1070.000000,0.300000,0.896940
107,1070.000000,0.030000,0.925926
107,1070.000000,0.003000,0.933977
107,1070.000000,0.000300,0.914654
107,1070.000000,0.400000,0.892110
107,1070.000000,0.040000,0.924316
107,1070.000000,0.004000,0.922705
107,1070.000000,0.000400,0.919485
107,1070.000000,0.500000,0.884058
107,1070.000000,0.050000,0.922705
107,1070.000000,0.005000,0.921095
107,1070.000000,0.000500,0.916264
108,1080.000000,0.100000,0.927536
108,1080.000000,0.010000,0.922705
108,1080.000000,0.001000,0.925926
108,1080.000000,0.000100,0.876006
108,1080.000000,0.200000,0.911433
108,1080.000000,0.020000,0.916264
108,1080.000000,0.002000,0.929147
108,1080.000000,0.000200,0.872786
108,1080.000000,0.300000,0.896940
108,1080.000000,0.030000,0.925926
108,1080.000000,0.003000,0.933977
108,1080.000000,0.000300,0.914654
108,1080.000000,0.400000,0.892110
108,1080.000000,0.040000,0.924316
108,1080.000000,0.004000,0.922705
108,1080.000000,0.000400,0.919485
108,1080.000000,0.500000,0.884058
108,1080.000000,0.050000,0.924316
108,1080.000000,0.005000,0.921095
108,1080.000000,0.000500,0.916264
109,1090.000000,0.100000,0.927536
109,1090.000000,0.010000,0.922705
109,1090.000000,0.001000,0.925926
109,1090.000000,0.000100,0.874396
109,1090.000000,0.200000,0.911433
109,1090.000000,0.020000,0.916264
109,1090.000000,0.002000,0.927536
109,1090.000000,0.000200,0.882448
109,1090.000000,0.300000,0.896940
109,1090.000000,0.030000,0.924316
109,1090.000000,0.003000,0.933977
109,1090.000000,0.000300,0.914654
109,1090.000000,0.400000,0.892110
109,1090.000000,0.040000,0.925926
109,1090.000000,0.004000,0.922705
109,1090.000000,0.000400,0.919485
109,1090.000000,0.500000,0.884058
109,1090.000000,0.050000,0.924316
109,1090.000000,0.005000,0.921095
109,1090.000000,0.000500,0.916264
110,1100.000000,0.100000,0.927536
110,1100.000000,0.010000,0.922705
110,1100.000000,0.001000,0.925926
110,1100.000000,0.000100,0.874396
110,1100.000000,0.200000,0.911433
110,1100.000000,0.020000,0.916264
110,1100.000000,0.002000,0.927536
110,1100.000000,0.000200,0.887279
110,1100.000000,0.300000,0.896940
110,1100.000000,0.030000,0.922705
110,1100.000000,0.003000,0.933977
110,1100.000000,0.000300,0.914654
110,1100.000000,0.400000,0.892110
110,1100.000000,0.040000,0.925926
110,1100.000000,0.004000,0.922705
110,1100.000000,0.000400,0.917874
110,1100.000000,0.500000,0.884058
110,1100.000000,0.050000,0.924316
110,1100.000000,0.005000,0.921095
110,1100.000000,0.000500,0.916264
111,1110.000000,0.100000,0.927536
111,1110.000000,0.010000,0.922705
111,1110.000000,0.001000,0.927536
111,1110.000000,0.000100,0.876006
111,1110.000000,0.200000,0.911433
111,1110.000000,0.020000,0.916264
111,1110.000000,0.002000,0.927536
111,1110.000000,0.000200,0.887279
111,1110.000000,0.300000,0.896940
111,1110.000000,0.030000,0.922705
111,1110.000000,0.003000,0.933977
111,1110.000000,0.000300,0.914654
111,1110.000000,0.400000,0.892110
111,1110.000000,0.040000,0.925926
111,1110.000000,0.004000,0.921095
111,1110.000000,0.000400,0.917874
111,1110.000000,0.500000,0.884058
111,1110.000000,0.050000,0.924316
111,1110.000000,0.005000,0.921095
111,1110.000000,0.000500,0.917874
112,1120.000000,0.100000,0.927536
112,1120.000000,0.010000,0.922705
112,1120.000000,0.001000,0.927536
112,1120.000000,0.000100,0.876006
112,1120.000000,0.200000,0.909823
112,1120.000000,0.020000,0.916264
112,1120.000000,0.002000,0.927536
112,1120.000000,0.000200,0.888889
112,1120.000000,0.300000,0.896940
112,1120.000000,0.030000,0.922705
112,1120.000000,0.003000,0.933977
112,1120.000000,0.000300,0.914654
112,1120.000000,0.400000,0.892110
112,1120.000000,0.040000,0.925926
112,1120.000000,0.004000,0.921095
112,1120.000000,0.000400,0.917874
112,1120.000000,0.500000,0.884058
112,1120.000000,0.050000,0.924316
112,1120.000000,0.005000,0.924316
112,1120.000000,0.000500,0.917874
113,1130.000000,0.100000,0.927536
113,1130.000000,0.010000,0.922705
113,1130.000000,0.001000,0.927536
113,1130.000000,0.000100,0.874396
113,1130.000000,0.200000,0.909823
113,1130.000000,0.020000,0.916264
113,1130.000000,0.002000,0.927536
113,1130.000000,0.000200,0.893720
113,1130.000000,0.300000,0.896940
113,1130.000000,0.030000,0.922705
113,1130.000000,0.003000,0.933977
113,1130.000000,0.000300,0.914654
113,1130.000000,0.400000,0.892110
113,1130.000000,0.040000,0.925926
113,1130.000000,0.004000,0.921095
113,1130.000000,0.000400,0.919485
113,1130.000000,0.500000,0.884058
113,1130.000000,0.050000,0.924316
113,1130.000000,0.005000,0.924316
113,1130.000000,0.000500,0.916264
114,1140.000000,0.100000,0.927536
114,1140.000000,0.010000,0.922705
114,1140.000000,0.001000,0.927536
114,1140.000000,0.000100,0.874396
114,1140.000000,0.200000,0.909823
114,1140.000000,0.020000,0.916264
114,1140.000000,0.002000,0.927536
114,1140.000000,0.000200,0.901771
114,1140.000000,0.300000,0.896940
114,1140.000000,0.030000,0.924316
114,1140.000000,0.003000,0.932367
114,1140.000000,0.000300,0.914654
114,1140.000000,0.400000,0.892110
114,1140.000000,0.040000,0.925926
114,1140.000000,0.004000,0.921095
114,1140.000000,0.000400,0.919485
114,1140.000000,0.500000,0.884058
114,1140.000000,0.050000,0.925926
114,1140.000000,0.005000,0.924316
114,1140.000000,0.000500,0.916264
115,1150.000000,0.100000,0.927536
115,1150.000000,0.010000,0.922705
115,1150.000000,0.001000,0.927536
115,1150.000000,0.000100,0.874396
115,1150.000000,0.200000,0.909823
115,1150.000000,0.020000,0.916264
115,1150.000000,0.002000,0.927536
