5,1,2,52,0,0,0,0,0,0,0,0,0,0,0,0,0,0,0,21,0,31,0,0,0,1,1,1,-1,-1,-1,1,0,-1,-1,-1,-1,-1,-1,-1,1
5,1,5,66,1,0,0,0,0,0,1,0,0,0,0,0,0,0,0,13,8,53,0,0,0,0,1,1,-1,-1,-1,1,0,0.5,0.0,1.0,0,1,1,1,1
1,1,1,19,0,0,0,0,0,0,0,0,0,0,0,0,0,0,0,18,0,1,1,0,0,1,1,1,-1,-1,-1,1,0,0.7894736842105263,0.7894736842105263,0.21052631578947367,0,1,0,0,0
1,1,2,30,1,0,0,0,0,0,0,0,0,0,0,0,0,0,0,8,0,22,0,0,0,1,1,1,-1,-1,-1,1,0,-1,-1,-1,-1,-1,-1,-1,1
7,4,1,50,2,2,0,0,0,0,0,0,0,0,0,0,0,0,0,46,0,4,0,1,0,1,-1,1,-1,-1,-1,1,0,-1,-1,-1,-1,-1,-1,-1,1
5,2,4,66,0,0,0,0,0,0,0,0,0,22,0,0,0,0,0,18,0,48,0,0,0,0,0,1,-1,-1,-1,1,0,0.7,0.7,0.3,0,1,1,0,1
5,1,5,58,0,0,0,0,0,0,0,0,0,0,0,0,1,0,0,14,0,44,0,0,0,0,1,1,-1,-1,-1,1,0,-1,-1,-1,-1,-1,-1,-1,1
2,2,2,25,0,0,0,0,0,0,0,0,0,0,0,0,0,0,0,20,0,5,1,0,0,1,0,1,-1,-1,-1,1,1,0.9166666666666666,0.9166666666666666,0.08333333333333333,0,1,1,1,0
6,2,5,60,0,0,0,0,0,0,0,0,0,0,0,0,1,0,0,14,0,46,0,0,0,0,0,1,-1,-1,-1,1,0,-1,-1,-1,-1,-1,-1,-1,1
2,2,1,21,0,0,0,0,0,0,0,0,0,0,0,0,0,0,0,20,0,1,1,0,0,1,0,1,-1,-1,-1,1,1,0.17777777777777778,0.17777777777777778,0.8222222222222222,0,0,1,1,0
5,2,6,66,1,1,0,0,1,0,0,0,0,0,0,0,0,0,0,15,0,51,0,0,0,0,0,1,-1,-1,-1,1,0,0.0,0.0,1.0,0,1,1,1,1
6,3,4,66,0,0,0,0,0,0,0,0,0,9,0,0,0,0,0,25,0,41,0,1,0,0,-1,1,-1,-1,-1,1,0,-1,-1,-1,-1,-1,-1,-1,1
5,1,3,66,0,0,0,0,2,0,1,0,0,1,0,0,0,0,0,18,24,48,0,2,0,0,1,1,-1,-1,-1,1,0,-1,-1,-1,-1,-1,-1,-1,1
7,3,2,50,0,0,0,0,0,0,0,0,0,0,0,0,0,0,0,32,0,18,0,0,0,1,-1,1,-1,-1,-1,1,1,0.3333333333333333,0.16666666666666666,0.8333333333333334,0,1,1,0,1
3,2,3,37,0,0,0,0,0,0,0,0,0,0,0,0,0,0,0,15,0,22,0,0,0,1,0,1,-1,-1,-1,1,1,0.9761904761904762,0.3333333333333333,0.6666666666666666,0,1,1,0,0
1,1,2,25,0,0,0,0,0,0,0,0,0,0,0,0,0,0,0,10,0,15,1,0,0,1,1,1,-1,-1,-1,1,0,-1,-1,-1,-1,-1,-1,-1,1
7,1,4,66,2,1,1,0,0,0,1,0,0,0,0,0,0,0,0,14,16,52,0,0,0,0,1,1,-1,-1,1,1,0,1.0,0.22727272727272727,0.7727272727272727,0,-1,0,0,1
1,1,1,17,0,0,0,0,0,0,0,0,0,0,0,0,0,0,0,16,0,1,1,0,0,1,1,1,-1,-1,-1,1,1,0.7640449438202247,0.7640449438202247,0.0449438202247191,0,1,-1,0,0
4,1,7,66,2,0,0,0,0,0,0,0,0,0,0,0,0,0,0,12,0,54,0,0,0,0,1,1,-1,-1,-1,1,0,-1,-1,-1,-1,-1,-1,-1,1
2,2,1,16,0,0,0,0,0,0,0,0,0,0,0,0,0,0,0,15,0,1,1,0,0,1,0,1,-1,-1,-1,1,1,0.9871794871794872,0.05128205128205128,0.9487179487179487,0,-1,1,0,0
4,1,3,65,0,0,0,0,0,0,0,0,0,16,0,0,0,0,0,16,0,49,0,0,0,0,1,1,-1,-1,-1,1,0,-1,-1,-1,-1,-1,-1,-1,1
4,1,4,66,1,1,0,0,1,0,0,0,0,3,0,0,0,0,0,19,0,47,0,0,0,0,1,1,-1,-1,-1,1,0,-1,-1,-1,-1,-1,-1,-1,1
3,3,1,23,1,1,0,0,0,0,0,0,0,0,0,0,0,0,0,22,0,1,1,0,0,1,-1,1,-1,-1,-1,1,1,0.12195121951219512,0.12195121951219512,0.8780487804878049,0,0,1,0,0
1,1,2,24,0,0,0,0,0,0,0,0,0,0,0,0,0,0,0,20,0,4,1,0,0,1,1,1,-1,-1,-1,1,0,-1,-1,-1,-1,-1,-1,-1,1
7,4,2,66,0,0,0,0,0,0,0,0,0,10,0,0,0,0,0,40,0,26,0,0,0,0,-1,1,-1,-1,-1,1,0,-1,-1,-1,-1,-1,-1,-1,1
5,1,5,54,1,0,0,0,0,0,0,0,0,0,0,0,0,0,0,16,0,38,0,0,0,0,1,1,-1,-1,-1,1,0,1.0,1.0,0.0,0,1,1,0,1
2,2,1,19,0,0,0,0,0,0,0,0,0,0,0,0,0,0,0,18,0,1,1,0,0,1,0,1,-1,-1,-1,1,0,0.9010989010989011,0.02197802197802198,0.945054945054945,0,-1,1,0,0
4,4,1,31,0,0,0,0,0,0,0,0,0,0,0,0,0,0,0,30,0,1,1,2,0,1,-1,1,-1,-1,-1,1,0,-1,-1,-1,-1,-1,-1,-1,1
2,2,1,25,0,0,0,0,0,0,0,0,0,0,0,0,0,0,0,24,0,1,1,0,0,1,0,1,-1,-1,-1,1,1,0.9344262295081968,0.29508196721311475,0.7049180327868853,0,0,1,0,0
6,2,3,66,0,0,0,1,0,0,0,0,0,6,0,0,0,0,0,28,0,38,0,1,0,0,0,1,-1,-1,-1,1,0,-1,-1,-1,-1,-1,-1,-1,1
2,2,1,23,0,0,0,0,0,0,0,0,0,0,0,0,0,0,0,22,0,1,1,0,0,1,0,1,-1,-1,-1,1,0,-1,-1,-1,-1,-1,-1,-1,0
3,3,2,26,0,0,0,0,0,0,0,0,0,0,0,0,0,0,0,21,0,5,1,0,0,1,-1,1,-1,-1,-1,1,0,0.4444444444444444,0.4444444444444444,0.5555555555555556,0,1,1,1,0
6,3,3,66,0,0,0,0,0,0,0,0,0,7,0,0,0,0,0,23,0,43,0,0,0,0,-1,1,-1,-1,-1,1,0,-1,-1,-1,-1,-1,-1,-1,1
2,2,1,20,0,0,0,0,0,0,0,0,0,0,0,0,0,0,0,19,0,1,1,0,0,1,0,1,-1,-1,-1,1,1,0.901840490797546,0.0950920245398773,0.8098159509202454,0,-1,0,0,0
5,2,6,66,0,0,0,0,0,0,0,0,0,0,0,0,0,0,0,21,0,45,0,0,0,0,0,1,-1,-1,-1,1,0,-1,-1,-1,-1,-1,-1,-1,1
2,2,3,33,0,0,0,0,0,0,0,0,0,1,0,0,0,0,0,19,0,14,1,0,0,1,0,1,-1,-1,-1,1,0,0.8723404255319149,0.8723404255319149,0.1276595744680851,0,1,0,0,1
5,2,2,63,0,0,0,0,0,0,0,0,0,18,0,0,0,0,0,19,0,44,0,0,0,0,0,1,-1,-1,-1,1,0,-1,-1,-1,-1,-1,-1,-1,1
2,2,1,31,0,0,0,0,0,0,0,0,0,0,1,0,0,0,0,30,0,1,1,0,0,1,0,1,-1,-1,-1,1,1,0.6666666666666666,0.3333333333333333,0.6666666666666666,0,1,1,1,0
2,1,2,33,0,0,0,0,0,0,0,0,0,0,0,0,0,0,0,10,0,23,0,0,0,1,1,1,-1,-1,-1,1,0,0.0,0.0,1.0,0,1,1,1,0
5,5,1,27,0,0,0,0,0,0,0,0,0,0,0,0,0,0,0,26,0,1,1,0,0,1,-1,1,-1,-1,-1,1,0,-1,-1,-1,-1,-1,-1,-1,1
5,2,2,63,0,0,0,0,0,0,0,0,0,18,0,0,0,0,0,19,0,44,0,0,0,0,0,1,-1,-1,-1,1,0,-1,-1,-1,-1,-1,-1,-1,1
2,2,2,20,0,0,0,0,0,0,0,0,0,1,0,0,0,0,0,13,0,7,1,0,0,1,0,1,-1,-1,-1,1,0,0.98,0.12,0.86,0,0,1,1,0
2,2,1,15,0,0,0,0,0,0,0,0,0,0,0,0,0,0,0,14,0,1,1,0,0,1,0,1,-1,-1,-1,1,1,0.9024390243902439,0.8699186991869918,0.12601626016260162,0,0,-1,-1,0
2,2,3,39,0,0,0,0,0,0,0,0,0,0,0,0,0,0,0,18,0,21,1,0,0,1,0,1,-1,-1,-1,1,0,0.22093023255813954,0.22093023255813954,0.6976744186046512,0,0,1,0,0
2,2,1,18,0,0,0,0,0,0,0,0,0,0,0,0,0,0,0,17,0,1,1,0,0,1,0,1,-1,-1,-1,1,1,1.0,0.08737864077669903,0.912621359223301,0,-1,1,0,0
5,2,6,64,2,2,0,0,0,0,0,0,0,9,0,0,0,0,0,23,0,41,0,0,0,0,0,1,-1,-1,-1,1,0,-1,-1,-1,-1,-1,-1,-1,1
2,2,1,23,0,0,0,0,0,0,0,0,0,0,0,0,0,0,0,22,0,1,1,0,0,1,0,1,-1,-1,-1,1,0,0.0196078431372549,0.0196078431372549,0.9803921568627451,0,-1,1,1,0
6,1,3,46,1,1,0,0,0,0,0,0,0,0,0,0,0,0,0,20,0,26,0,0,0,1,1,1,-1,-1,-1,1,0,-1,-1,-1,-1,-1,-1,-1,1
2,2,1,19,0,0,0,0,0,0,0,0,0,0,0,0,0,0,0,18,0,1,1,0,0,1,0,1,-1,-1,-1,1,0,-1,-1,-1,-1,-1,-1,-1,0
4,1,3,66,0,0,0,0,0,0,0,0,0,20,0,0,0,0,0,21,0,45,0,0,0,0,1,1,-1,-1,-1,1,0,-1,-1,-1,-1,-1,-1,-1,1
2,1,2,22,0,0,0,0,0,0,0,0,0,0,0,0,0,0,0,8,0,14,0,0,0,1,1,1,-1,-1,-1,1,0,-1,-1,-1,-1,-1,-1,-1,1
5,2,7,66,0,0,0,0,1,0,0,0,0,0,0,0,0,0,0,25,0,41,0,0,0,0,0,1,-1,-1,-1,1,0,-1,-1,-1,-1,-1,-1,-1,1
2,2,1,19,0,0,0,0,0,0,0,0,0,0,0,0,0,0,0,18,0,1,1,0,0,1,0,1,-1,-1,-1,1,0,0.0,0.0,1.0,0,1,1,0,0
5,2,3,46,0,0,0,0,0,0,0,0,0,0,0,0,0,0,0,27,0,19,0,0,0,1,0,1,-1,-1,-1,1,0,-1,-1,-1,-1,-1,-1,-1,1
3,2,1,40,0,0,0,0,0,0,0,0,0,0,0,0,0,0,0,21,0,19,0,0,0,1,0,1,-1,-1,-1,1,0,-1,-1,-1,-1,-1,-1,-1,0
5,2,5,46,0,0,0,0,0,0,0,0,0,0,0,0,0,0,0,13,0,33,0,0,0,1,0,1,-1,-1,-1,1,0,-1,-1,-1,-1,-1,-1,-1,1
2,2,1,13,0,0,0,0,0,0,0,0,0,0,0,0,0,0,0,12,0,1,1,0,0,1,0,1,-1,-1,-1,1,0,0.4025974025974026,0.4025974025974026,0.5584415584415584,0,0,0,1,0
2,2,1,31,0,0,0,0,0,0,0,0,0,0,0,0,0,0,0,30,0,1,1,0,0,1,0,1,-1,-1,-1,1,0,0.45864661654135336,0.45864661654135336,0.5413533834586466,0,-1,-1,0,0
4,1,4,66,3,0,0,0,0,0,0,0,0,0,0,0,0,0,0,15,0,51,0,0,0,0,1,1,-1,-1,-1,1,0,-1,-1,-1,-1,-1,-1,-1,1
2,2,3,27,0,0,0,0,0,0,0,0,0,1,0,0,0,0,0,13,0,14,1,0,0,1,0,-1,-1,-1,-1,-1,0,-1,-1,-1,-1,-1,-1,-1,1
2,2,1,18,0,0,0,0,0,0,0,0,0,1,0,0,0,0,0,15,0,3,0,0,0,1,0,1,-1,-1,-1,1,0,-1,-1,-1,-1,-1,-1,-1,1
1,1,1,16,0,0,0,0,0,0,0,0,0,0,0,0,0,0,0,15,0,1,1,0,0,1,1,1,-1,-1,1,1,0,0.0,0.0,1.0,0,1,1,1,0
7,3,3,47,0,0,0,0,0,0,0,0,0,0,0,0,0,0,0,15,0,32,0,0,0,1,-1,1,-1,-1,-1,1,0,-1,-1,-1,-1,-1,-1,-1,1
3,3,1,27,0,0,0,0,0,0,0,0,0,0,0,0,0,0,0,26,0,1,1,0,0,1,-1,1,-1,-1,-1,1,0,0.08333333333333333,0.08333333333333333,0.9166666666666666,0,1,1,1,0
7,2,3,66,0,0,0,0,0,0,1,0,0,2,0,0,0,0,0,12,26,54,0,0,0,0,0,1,-1,-1,-1,1,1,0.8918918918918919,0.8558558558558559,0.12612612612612611,0,1,-1,0,1
3,3,1,23,0,0,0,0,0,0,0,0,0,0,0,0,0,0,0,22,0,1,1,0,0,1,-1,1,-1,-1,-1,1,0,-1,-1,-1,-1,-1,-1,-1,0
3,3,4,23,0,0,0,0,0,0,0,0,0,8,0,1,0,0,0,11,0,12,1,0,0,1,-1,1,-1,-1,-1,1,0,-1,-1,-1,-1,-1,-1,-1,1
5,1,3,45,0,0,0,0,0,0,0,0,0,0,0,0,0,0,0,22,0,23,0,0,0,1,1,1,-1,-1,-1,1,0,0.9642857142857143,0.9642857142857143,0.03571428571428571,0,1,-1,0,1
2,2,1,22,0,0,0,0,0,0,0,0,0,0,0,0,0,0,0,21,0,1,1,0,0,1,0,1,-1,-1,-1,1,0,0.9743589743589743,0.8205128205128205,0.1794871794871795,0,1,0,0,0
1,1,3,33,0,0,0,0,0,0,0,0,0,0,0,0,0,0,0,20,0,13,0,0,0,1,1,1,-1,-1,-1,1,0,-1,-1,-1,-1,-1,-1,-1,1
3,2,1,34,0,0,0,0,1,0,0,0,0,4,0,0,0,0,0,13,0,21,0,0,0,1,0,1,-1,-1,-1,1,0,0.9285714285714286,0.8571428571428571,0.14285714285714285,0,1,1,1,1
3,3,1,20,0,0,0,0,0,0,0,0,0,0,0,0,0,0,0,19,0,1,1,0,0,1,-1,1,-1,-1,-1,1,0,-1,-1,-1,-1,-1,-1,-1,0
3,2,3,29,0,0,0,0,0,0,0,0,0,0,0,0,0,0,0,12,0,17,0,0,0,1,0,1,-1,-1,-1,1,0,-1,-1,-1,-1,-1,-1,-1,1
2,1,4,46,1,1,0,0,0,0,0,0,0,8,0,0,0,0,0,13,0,33,0,0,0,1,1,1,-1,-1,-1,1,0,0.7948717948717948,0.48717948717948717,0.5128205128205128,0,1,1,1,0
2,2,1,14,0,0,0,0,0,0,0,0,0,0,0,0,0,0,0,13,0,1,1,0,0,1,0,1,-1,-1,-1,1,0,-1,-1,-1,-1,-1,-1,-1,0
3,3,1,26,1,1,0,0,0,0,0,0,0,0,0,0,0,0,0,25,0,1,1,0,0,1,-1,1,-1,-1,-1,1,0,0.7857142857142857,0.7857142857142857,0.07142857142857142,0,1,1,1,0
5,1,5,66,1,0,0,0,0,0,0,0,0,0,0,0,0,0,0,21,0,45,0,1,0,0,1,1,-1,-1,-1,1,0,-1,-1,-1,-1,-1,-1,-1,1
7,2,1,66,1,0,0,0,0,0,0,0,0,2,0,0,0,0,0,19,0,47,0,0,0,0,0,1,-1,-1,-1,1,0,-1,-1,-1,-1,-1,-1,-1,1
2,2,1,21,0,0,0,0,0,0,0,0,0,0,0,0,0,0,0,20,0,1,1,0,0,1,0,1,-1,-1,-1,1,0,-1,-1,-1,-1,-1,-1,-1,1
2,2,2,40,0,0,0,0,0,0,0,0,0,0,0,0,0,0,0,28,0,12,1,1,0,1,0,1,-1,-1,-1,1,0,-1,-1,-1,-1,-1,-1,-1,0
3,2,2,35,0,0,0,0,0,0,0,0,0,4,0,0,0,0,0,17,0,18,0,0,0,1,0,1,-1,-1,-1,1,0,-1,-1,-1,-1,-1,-1,-1,1
2,2,1,21,0,0,0,0,0,0,0,0,0,0,0,0,0,0,0,20,0,1,1,0,0,1,0,1,-1,-1,1,1,0,0.9523809523809523,0.03571428571428571,0.9404761904761905,0,-1,1,0,0
2,2,1,19,0,0,0,0,0,0,0,0,0,0,0,0,0,0,0,18,0,1,1,0,0,1,0,1,-1,-1,-1,1,0,0.9565217391304348,0.6304347826086957,0.3695652173913043,0,1,0,0,0
9,5,0,66,1,1,0,0,0,0,0,0,0,10,0,0,1,0,0,66,0,0,0,0,0,0,-1,-1,-1,-1,-1,-1,0,-1,-1,-1,-1,-1,-1,-1,1
2,2,1,19,0,0,0,0,0,0,0,0,0,0,0,0,0,0,0,18,0,1,1,0,0,1,0,1,-1,-1,-1,1,0,0.8173076923076923,0.7980769230769231,0.19230769230769232,0,1,-1,0,0
2,2,1,17,1,1,0,0,0,0,0,0,0,0,0,0,0,0,0,16,0,1,1,0,0,1,0,1,-1,-1,-1,1,1,0.9485294117647058,0.08088235294117647,0.9191176470588235,0,-1,1,0,0
4,3,7,62,0,0,0,0,1,0,0,0,0,8,0,0,0,0,0,14,0,48,0,0,0,0,-1,1,-1,-1,-1,1,0,-1,-1,-1,-1,-1,-1,-1,0
3,2,1,23,0,0,0,0,0,0,0,0,0,9,0,0,0,0,0,15,0,8,0,0,0,1,0,1,-1,-1,-1,1,0,-1,-1,-1,-1,-1,-1,-1,1
4,1,5,66,0,0,0,0,3,0,0,0,0,0,0,0,0,0,0,10,0,56,0,0,0,0,1,1,-1,-1,-1,1,0,-1,-1,-1,-1,-1,-1,-1,1
4,3,4,45,1,0,0,0,0,0,0,0,0,2,0,0,0,0,0,16,0,29,0,0,0,1,-1,1,-1,-1,-1,1,0,0.3695652173913043,0.3695652173913043,0.6086956521739131,0,1,1,1,0
3,2,1,35,0,0,0,0,0,0,0,0,0,0,0,0,0,0,0,21,0,14,0,0,0,1,0,1,-1,-1,-1,1,0,-1,-1,-1,-1,-1,-1,-1,0
4,1,5,66,0,0,0,0,0,0,0,0,0,10,0,0,0,0,0,16,0,50,0,1,0,0,1,1,-1,-1,-1,1,0,1.0,1.0,0.0,0,1,1,1,1
2,2,1,21,0,0,0,0,0,0,0,0,0,0,0,0,0,0,0,20,0,1,1,0,0,1,0,1,-1,-1,-1,1,0,-1,-1,-1,-1,-1,-1,-1,0
2,2,1,22,0,0,0,0,0,0,0,0,0,0,0,0,0,0,0,21,0,1,1,0,0,1,0,1,-1,-1,-1,1,0,-1,-1,-1,-1,-1,-1,-1,0
3,2,2,38,0,0,0,0,0,0,0,0,0,0,0,0,0,0,0,24,0,14,0,0,0,1,0,1,-1,-1,-1,1,0,-1,-1,-1,-1,-1,-1,-1,1
5,2,6,64,1,0,0,0,0,0,0,0,0,1,0,0,0,0,0,21,0,43,0,0,0,0,0,1,-1,-1,-1,1,0,-1,-1,-1,-1,-1,-1,-1,1
2,2,5,29,0,0,0,0,0,0,0,0,0,6,0,0,0,0,0,16,0,13,1,0,0,1,0,1,-1,-1,-1,1,0,-1,-1,-1,-1,-1,-1,-1,1
3,3,1,26,1,1,0,0,0,0,0,0,0,0,0,0,0,0,0,25,0,1,1,0,0,1,-1,1,-1,-1,-1,1,0,0.0,0.0,1.0,0,1,1,1,0
2,2,2,34,0,0,0,0,0,0,0,0,0,0,0,0,0,0,0,20,0,14,0,0,0,1,0,1,-1,-1,-1,1,0,-1,-1,-1,-1,-1,-1,-1,1
7,1,2,66,0,0,0,0,0,0,0,0,0,7,0,0,0,0,0,19,0,47,0,1,0,0,1,1,-1,-1,-1,1,0,0.9850746268656716,0.9850746268656716,0.014925373134328358,0,1,-1,0,1
3,2,2,33,0,0,0,0,0,0,0,0,0,1,0,0,0,0,0,17,0,16,0,0,0,1,0,1,-1,-1,-1,1,0,0.375,0.375,0.625,0,1,1,1,0
3,3,1,21,0,0,0,0,0,0,0,0,0,0,0,0,0,0,0,20,0,1,1,0,0,1,-1,1,-1,-1,-1,1,1,0.9166666666666666,0.016666666666666666,0.9833333333333333,0,-1,1,0,0
4,1,4,44,1,0,0,0,0,0,0,0,0,0,0,0,0,0,0,18,0,26,0,0,0,1,1,1,-1,-1,-1,1,0,0.5,0.5,0.5,0,1,1,1,1
1,1,3,31,0,0,0,0,0,0,0,0,0,2,0,0,0,0,0,16,0,15,0,0,0,1,1,1,-1,-1,-1,1,0,0.9230769230769231,0.1282051282051282,0.8717948717948718,0,0,1,0,1
2,2,1,31,0,0,0,0,0,0,0,0,0,0,0,0,0,0,0,30,0,1,1,0,0,1,0,1,-1,-1,-1,1,1,0.8695652173913043,0.8521739130434782,0.09565217391304348,0,1,-1,0,0
2,2,1,27,0,0,0,0,0,0,0,0,0,0,0,0,0,0,0,26,0,1,1,0,0,1,0,1,-1,-1,-1,1,1,0.9963898916967509,0.0036101083032490976,0.9963898916967509,0,-1,1,1,0
2,2,1,19,0,0,0,0,0,0,0,0,0,0,0,0,0,0,0,18,0,1,1,0,0,1,0,1,-1,-1,-1,1,0,-1,-1,-1,-1,-1,-1,-1,0
2,2,1,28,0,0,0,0,0,0,0,0,0,0,0,0,0,0,0,27,0,1,1,0,0,1,0,1,-1,-1,-1,1,0,0.8410596026490066,0.7748344370860927,0.2251655629139073,0,0,-1,0,0
2,2,1,17,0,0,0,0,0,0,0,0,0,0,0,0,0,0,0,16,0,1,1,0,0,1,0,1,-1,1,1,1,1,0.9565217391304348,0.9565217391304348,0.043478260869565216,0,1,0,0,0
2,2,1,15,0,0,0,0,0,0,0,0,0,0,0,0,0,0,0,14,0,1,1,0,0,1,0,1,-1,-1,-1,1,1,0.10869565217391304,0.10869565217391304,0.8695652173913043,0,-1,1,0,0
3,2,1,31,0,0,0,0,0,0,0,0,0,4,0,0,0,0,0,18,0,13,0,0,0,1,0,1,-1,-1,-1,1,0,0.9285714285714286,0.8571428571428571,0.14285714285714285,0,1,1,1,1
2,2,1,19,0,0,0,0,0,0,0,0,0,0,0,0,0,0,0,18,0,1,1,0,0,1,0,-1,-1,-1,-1,-1,0,-1,-1,-1,-1,-1,-1,-1,0
2,2,4,35,0,0,0,0,0,0,0,0,0,0,0,0,0,0,0,18,0,17,1,0,0,1,0,1,-1,-1,-1,1,0,-1,-1,-1,-1,-1,-1,-1,1
3,3,1,16,0,0,0,0,0,0,0,0,0,0,0,0,0,0,0,15,0,1,1,0,0,1,-1,1,-1,-1,-1,1,0,0.9506172839506173,0.38271604938271603,0.6172839506172839,0,0,0,0,0
5,1,6,66,2,1,0,0,0,0,1,0,0,0,0,0,0,0,0,14,7,52,0,0,0,0,1,1,-1,-1,-1,1,0,-1,-1,-1,-1,-1,-1,-1,1
2,1,1,24,0,0,0,0,0,0,0,0,0,2,0,0,0,0,0,13,0,11,0,0,0,1,1,-1,-1,-1,-1,-1,0,-1,-1,-1,-1,-1,-1,-1,1
2,2,1,22,0,0,0,0,0,0,0,0,0,0,0,0,0,0,0,21,0,1,1,0,0,1,0,1,-1,-1,-1,1,0,0.7783251231527094,0.43349753694581283,0.5615763546798029,0,-1,-1,0,0
2,2,2,25,0,0,0,0,0,0,0,0,0,0,0,0,0,0,0,18,0,7,1,0,0,1,0,1,-1,-1,-1,1,0,-1,-1,-1,-1,-1,-1,-1,1
3,2,2,45,1,1,0,0,0,0,1,0,0,0,0,0,0,0,0,14,12,31,0,0,0,1,0,1,-1,-1,-1,1,0,-1,-1,-1,-1,-1,-1,-1,0
2,2,3,25,0,0,0,0,0,0,0,0,0,0,0,0,0,0,0,11,0,14,1,0,0,1,0,1,-1,-1,-1,1,0,0.5,0.5,0.5,0,1,1,1,0
6,2,6,60,0,0,0,0,0,0,0,0,0,0,0,0,1,0,0,16,0,44,0,0,0,0,0,1,-1,-1,-1,1,0,-1,-1,-1,-1,-1,-1,-1,1
6,2,5,64,0,0,0,0,0,0,0,0,0,1,0,0,0,0,0,17,0,47,0,0,0,0,0,1,-1,-1,-1,1,0,-1,-1,-1,-1,-1,-1,-1,1
2,2,4,36,0,0,0,0,0,0,0,0,0,0,0,0,0,0,0,11,0,25,1,0,0,1,0,1,-1,-1,-1,1,1,0.9245283018867925,0.3018867924528302,0.6981132075471698,0,0,1,0,0
2,2,2,26,0,0,0,0,0,0,0,0,0,3,0,0,0,0,0,14,0,12,1,0,0,1,0,1,-1,-1,-1,1,0,0.967032967032967,0.8021978021978022,0.19230769230769232,0,0,-1,0,0
1,1,2,24,0,0,0,0,0,0,0,0,0,2,0,0,0,0,0,9,0,15,0,0,0,1,1,1,-1,-1,-1,1,0,-1,-1,-1,-1,-1,-1,-1,1
2,2,1,13,0,0,0,0,0,0,0,0,0,0,0,0,0,0,0,12,0,1,1,0,0,1,0,1,-1,-1,-1,1,0,0.4793388429752066,0.4793388429752066,0.512396694214876,0,0,0,0,0
2,2,1,23,0,0,0,0,0,0,0,0,0,0,0,0,0,0,0,22,0,1,1,0,0,1,0,1,-1,-1,-1,1,0,1.0,0.0,1.0,0,1,1,1,0
2,2,1,19,0,0,0,0,0,0,0,0,0,0,0,0,0,0,0,18,0,1,1,0,0,1,0,1,-1,-1,-1,1,0,0.9620253164556962,0.9620253164556962,0.0379746835443038,0,1,-1,1,0
2,2,1,21,0,0,0,0,0,0,0,0,0,0,0,0,0,0,0,20,0,1,1,0,0,1,0,1,-1,-1,-1,1,0,0.9787234042553191,0.02127659574468085,0.9787234042553191,0,0,1,0,0
3,3,1,24,0,0,0,0,0,0,0,0,0,0,0,0,0,0,0,23,0,1,1,0,0,1,-1,1,-1,-1,-1,1,0,-1,-1,-1,-1,-1,-1,-1,1
6,2,4,51,1,1,0,0,0,0,0,0,0,0,0,0,0,0,0,23,0,28,0,0,0,1,0,1,-1,-1,-1,1,0,-1,-1,-1,-1,-1,-1,-1,1
2,2,1,24,1,1,0,0,0,0,0,0,0,0,0,0,0,0,0,23,0,1,1,0,0,1,0,1,-1,-1,-1,1,0,-1,-1,-1,-1,-1,-1,-1,0
2,2,1,23,0,0,0,0,0,0,0,0,0,0,0,0,0,0,0,22,0,1,1,0,0,1,0,1,-1,-1,-1,1,0,-1,-1,-1,-1,-1,-1,-1,0
3,2,1,36,0,0,0,0,0,0,0,0,0,0,0,0,0,0,0,24,0,12,0,0,0,1,0,1,-1,-1,-1,1,0,0.0,0.0,0.3333333333333333,0,1,1,1,0
1,1,1,17,0,0,0,0,0,0,0,0,0,0,0,0,0,0,0,16,0,1,1,0,0,1,1,1,-1,-1,1,1,0,0.9595375722543352,0.9595375722543352,0.04046242774566474,0,1,-1,0,0
2,2,1,26,0,0,0,0,0,0,0,0,0,0,0,0,0,0,0,25,0,1,1,0,0,1,0,1,-1,-1,-1,1,0,1.0,1.0,0.0,0,1,0,1,0
4,1,4,66,0,0,0,0,0,0,0,0,0,3,0,0,0,0,0,35,0,31,0,0,0,0,1,1,-1,-1,-1,1,0,-1,-1,-1,-1,-1,-1,-1,1
2,2,2,28,0,0,0,0,0,0,0,0,0,0,0,0,0,0,0,16,0,12,0,0,0,1,0,1,-1,-1,-1,1,1,0.7717431192660551,0.2667889908256881,0.7299082568807339,0,-1,-1,-1,0
4,3,2,33,0,0,0,1,0,0,0,0,0,0,0,0,0,0,0,17,0,16,0,0,0,1,-1,1,-1,-1,-1,1,0,0.04225352112676056,0.04225352112676056,0.9436619718309859,0,0,1,1,0
2,1,1,23,0,0,0,0,0,0,0,0,0,0,0,0,0,0,0,14,0,9,0,0,0,1,1,1,-1,-1,-1,1,0,0.9090909090909091,0.3409090909090909,0.6590909090909091,0,1,1,0,1
2,2,1,19,0,0,0,0,0,0,0,0,0,0,0,0,0,0,0,18,0,1,1,0,0,1,0,1,-1,-1,-1,1,0,0.04046242774566474,0.04046242774566474,0.9595375722543352,0,-1,1,0,0
2,2,1,13,0,0,0,0,0,0,0,0,0,0,0,0,0,0,0,12,0,1,1,0,0,1,0,1,-1,-1,-1,1,1,0.9797101449275363,0.14202898550724638,0.8434782608695652,0,-1,0,0,0
7,2,3,44,1,0,0,0,0,0,0,0,0,0,0,0,0,0,0,16,0,28,0,0,0,1,0,1,-1,-1,-1,1,0,0.9318181818181818,0.11363636363636363,0.8863636363636364,0,0,1,0,1
2,2,1,17,0,0,0,0,0,0,0,0,0,0,0,0,0,0,0,16,0,1,1,0,0,1,0,1,-1,-1,-1,1,0,0.0,0.0,1.0,0,0,1,1,0
2,2,1,28,0,0,0,0,0,0,0,0,0,0,0,0,0,0,0,27,0,1,1,0,0,1,0,1,-1,-1,-1,1,0,0.8617021276595744,0.8340425531914893,0.15319148936170213,0,-1,-1,0,0
3,2,1,19,0,0,0,0,0,0,0,0,0,0,0,0,0,0,0,11,0,8,0,0,0,1,0,1,-1,-1,-1,1,1,0.5,0.5,0.5,0,1,1,1,1
1,1,1,26,0,0,0,0,0,0,0,0,0,0,0,0,0,0,0,25,0,1,1,0,0,1,1,1,-1,-1,-1,1,0,1.0,1.0,0.0,0,1,-1,0,0
3,3,1,20,0,0,0,0,0,0,0,0,0,0,0,0,0,0,0,19,0,1,1,0,0,1,-1,1,-1,-1,-1,1,1,0.8602150537634409,0.010752688172043012,0.978494623655914,0,-1,1,0,0
2,2,2,31,0,0,0,0,0,0,0,0,0,0,0,0,0,0,0,19,0,12,1,0,0,1,0,1,-1,-1,-1,1,0,-1,-1,-1,-1,-1,-1,-1,1
2,2,1,27,1,1,0,0,0,0,0,0,0,1,0,0,1,0,0,23,0,4,0,1,0,1,0,1,-1,-1,-1,1,1,1.0,0.8333333333333334,0.16666666666666666,0,1,1,1,1
2,1,3,37,1,1,0,0,0,0,0,0,0,0,0,0,0,0,0,14,0,23,0,1,0,1,1,1,-1,-1,-1,1,0,-1,-1,-1,-1,-1,-1,-1,1
3,3,1,21,0,0,0,0,0,0,0,0,0,0,0,0,0,0,0,20,0,1,1,0,0,1,-1,1,-1,-1,-1,1,1,0.0,0.0,1.0,0,1,1,1,0
1,1,3,31,0,0,0,0,0,0,0,0,0,0,0,0,0,0,0,16,0,15,1,0,0,1,1,1,-1,-1,-1,1,0,-1,-1,-1,-1,-1,-1,-1,1
1,1,2,23,0,0,0,0,0,0,0,0,0,0,0,0,0,0,0,17,0,6,1,0,0,1,1,1,-1,-1,-1,1,0,-1,-1,-1,-1,-1,-1,-1,1
3,2,2,40,0,0,0,0,0,0,0,0,0,0,0,0,0,0,0,15,0,25,0,0,0,1,0,1,-1,-1,-1,1,0,0.25,0.25,0.75,0,1,1,1,0
6,3,4,66,0,0,0,0,0,0,0,0,0,9,0,0,0,0,0,25,0,41,0,1,0,0,-1,1,-1,-1,-1,1,0,-1,-1,-1,-1,-1,-1,-1,1
5,1,4,66,1,0,0,0,0,0,1,0,0,2,0,0,0,0,0,20,14,46,0,0,0,0,1,1,-1,-1,-1,1,0,-1,-1,-1,-1,-1,-1,-1,1
2,2,1,26,0,0,0,0,0,0,0,0,0,0,0,0,0,0,0,25,0,1,1,0,0,1,0,1,-1,-1,-1,1,1,0.95,0.95,0.05,0,1,-1,-1,0
5,2,4,66,0,0,0,0,1,4,0,0,0,6,0,0,0,0,0,27,0,39,0,0,0,0,0,1,-1,-1,-1,1,0,-1,-1,-1,-1,-1,-1,-1,1
2,2,4,37,1,1,0,0,0,0,0,0,0,0,0,0,0,0,0,19,0,18,1,0,0,1,0,1,-1,-1,-1,1,0,-1,-1,-1,-1,-1,-1,-1,1
2,2,1,17,0,0,0,0,0,0,0,0,0,0,0,0,0,0,0,16,0,1,1,0,0,1,0,1,-1,-1,-1,1,0,-1,-1,-1,-1,-1,-1,-1,0
2,2,1,18,0,0,0,0,0,0,0,0,0,0,0,0,0,0,0,17,0,1,1,0,0,1,0,1,-1,-1,-1,1,0,0.8504672897196262,0.8504672897196262,0.14953271028037382,0,1,-1,0,0
2,2,1,18,0,0,0,0,0,0,0,0,0,0,0,0,0,0,0,17,0,1,1,0,0,1,0,1,-1,-1,-1,1,1,0.9615384615384616,0.038461538461538464,0.9487179487179487,0,-1,1,-1,0
3,3,1,24,0,0,0,0,0,0,0,0,0,0,0,0,0,0,0,23,0,1,1,0,0,1,-1,1,-1,-1,-1,1,0,0.0,0.0,1.0,0,1,1,1,0
3,3,1,20,0,0,0,0,0,0,0,0,0,0,0,0,0,0,0,19,0,1,1,0,0,1,-1,-1,-1,-1,-1,-1,0,-1,-1,-1,-1,-1,-1,-1,0
3,3,1,22,0,0,0,0,0,0,0,0,0,0,0,0,0,0,0,21,0,1,1,0,0,1,-1,1,-1,-1,-1,1,0,0.9607843137254902,0.9607843137254902,0.0392156862745098,0,1,0,0,0
5,1,4,66,0,0,0,0,0,0,1,0,0,4,0,0,0,0,0,26,8,40,0,2,0,0,1,1,-1,-1,-1,1,0,-1,-1,-1,-1,-1,-1,-1,1
2,2,1,21,0,0,0,0,0,0,0,0,0,0,0,0,0,0,0,20,0,1,1,0,0,1,0,1,-1,-1,-1,1,0,-1,-1,-1,-1,-1,-1,-1,0
2,2,1,20,0,0,0,0,0,0,0,0,0,0,0,0,0,0,0,19,0,1,1,0,0,1,0,1,-1,-1,-1,1,1,0.9781312127236581,0.9582504970178927,0.033797216699801194,0,1,-1,0,0
8,5,2,53,0,0,0,0,0,0,0,0,0,1,0,0,0,0,0,44,0,9,0,1,0,1,-1,1,-1,-1,-1,1,0,-1,-1,-1,-1,-1,-1,-1,1
6,3,3,64,1,0,0,0,0,0,0,0,0,23,0,0,0,0,0,19,0,45,0,0,0,0,-1,1,-1,-1,-1,1,0,0.9423076923076923,0.9423076923076923,0.057692307692307696,0,1,0,0,1
1,1,2,21,0,0,0,0,0,0,0,0,0,0,0,0,0,0,0,8,0,13,1,0,0,1,1,1,-1,-1,-1,1,0,0.3333333333333333,0.3333333333333333,0.6666666666666666,0,1,1,1,0
5,1,4,48,0,0,0,0,0,0,0,0,0,0,0,0,0,0,0,13,0,35,0,0,0,1,1,1,-1,-1,-1,1,0,-1,-1,-1,-1,-1,-1,-1,1
2,2,1,17,0,0,0,0,0,0,0,0,0,0,0,0,0,0,0,16,0,1,1,0,0,1,0,1,-1,-1,-1,1,0,0.10344827586206896,0.0,1.0,0,1,1,0,0
4,3,2,30,0,0,0,0,0,0,0,0,0,11,0,1,0,0,0,14,0,16,0,0,0,1,-1,-1,-1,-1,-1,-1,0,-1,-1,-1,-1,-1,-1,-1,1
1,1,1,21,0,0,0,0,0,0,0,0,0,0,0,0,0,0,0,20,0,1,1,0,0,1,1,1,-1,-1,-1,1,0,0.8717948717948718,0.02564102564102564,0.9743589743589743,0,0,1,0,0
4,1,3,59,0,0,0,0,0,0,0,0,0,19,0,0,0,0,0,18,0,41,0,0,0,0,1,1,-1,-1,-1,1,0,-1,-1,-1,-1,-1,-1,-1,1
2,2,2,22,0,0,0,0,0,0,0,0,0,2,0,0,0,0,0,16,0,6,1,0,0,1,0,1,-1,-1,-1,1,0,-1,-1,-1,-1,-1,-1,-1,0
5,2,6,66,0,0,0,0,0,0,0,0,0,0,0,0,0,0,0,24,0,42,0,0,0,0,0,1,-1,-1,-1,1,1,0.9790209790209791,0.9790209790209791,0.02097902097902098,0,1,-1,0,1
2,2,1,23,0,0,0,0,0,0,0,0,0,0,0,0,0,0,0,22,0,1,1,0,0,1,0,1,-1,-1,-1,1,0,1.0,1.0,0.0,0,1,1,1,0
6,2,2,66,2,1,0,0,0,0,1,1,0,3,0,0,0,0,0,19,16,47,0,0,0,0,0,1,-1,-1,-1,1,0,-1,-1,-1,-1,-1,-1,-1,1
4,1,4,47,2,0,0,0,0,0,0,0,0,0,0,0,0,0,0,17,0,30,0,0,0,1,1,1,-1,-1,-1,1,0,-1,-1,-1,-1,-1,-1,-1,1
2,2,2,49,0,0,0,0,4,0,0,0,0,0,0,0,0,0,0,16,0,33,0,0,0,1,0,1,-1,-1,-1,1,1,0.935064935064935,0.12987012987012986,0.8571428571428571,0,0,1,0,0
2,2,1,21,0,0,0,0,0,0,0,0,0,0,0,0,0,0,0,20,0,1,1,0,0,1,0,1,-1,-1,-1,1,0,0.9696969696969697,0.6060606060606061,0.3939393939393939,0,1,1,-1,0
5,2,4,51,1,0,0,0,0,0,0,0,0,2,0,0,0,0,0,17,0,34,0,0,0,1,0,1,-1,-1,-1,1,0,-1,-1,-1,-1,-1,-1,-1,1
3,3,1,21,0,0,0,0,0,0,0,0,0,0,0,0,0,0,0,20,0,1,1,0,0,1,-1,-1,-1,-1,-1,-1,0,-1,-1,-1,-1,-1,-1,-1,0
6,2,3,54,0,0,0,0,0,0,0,0,0,0,0,0,0,0,0,27,0,27,0,1,0,0,0,1,-1,-1,-1,1,0,-1,-1,-1,-1,-1,-1,-1,1
2,2,1,22,0,0,0,0,0,0,0,0,0,0,0,0,0,0,0,21,0,1,1,0,0,1,0,1,-1,-1,-1,1,0,0.0,0.0,1.0,0,1,1,1,0
3,2,3,47,1,0,0,1,0,0,0,0,0,0,0,0,0,0,0,15,0,32,0,0,0,1,0,1,-1,-1,-1,1,0,0.5517241379310345,0.5517241379310345,0.4482758620689655,0,1,1,1,0
2,2,4,34,0,0,0,0,0,0,0,0,0,0,0,0,0,0,0,19,0,15,1,0,0,1,0,1,-1,-1,-1,1,0,-1,-1,-1,-1,-1,-1,-1,1
6,3,4,66,2,0,0,0,0,0,0,0,0,10,0,0,0,0,0,29,0,37,0,0,0,0,-1,1,-1,-1,-1,1,0,-1,-1,-1,-1,-1,-1,-1,1
2,2,1,18,0,0,0,0,0,0,0,0,0,0,0,0,0,0,0,17,0,1,1,0,0,1,0,1,-1,-1,-1,1,0,0.29411764705882354,0.23529411764705882,0.7647058823529411,0,1,1,1,0
5,2,4,56,0,0,0,0,0,0,0,0,0,25,0,0,0,0,0,13,0,43,0,0,0,0,0,1,-1,-1,-1,1,0,0.5,0.0,1.0,0,1,1,1,1
2,2,1,13,0,0,0,0,0,0,0,0,0,0,0,0,0,0,0,12,0,1,1,0,0,1,0,-1,-1,-1,-1,-1,0,-1,-1,-1,-1,-1,-1,-1,0
2,2,1,26,0,0,0,0,0,0,0,0,0,0,0,0,0,0,0,25,0,1,1,0,0,1,0,1,-1,-1,-1,1,0,0.2,0.2,0.8,0,1,1,1,0
2,2,1,22,0,0,0,0,0,0,0,0,0,0,0,0,0,0,0,21,0,1,1,0,0,1,0,1,-1,-1,-1,1,0,0.98,0.02,0.98,0,0,1,0,0
7,2,7,66,0,0,0,0,0,0,2,0,0,3,0,0,0,0,0,15,16,51,1,1,0,0,0,-1,-1,-1,-1,-1,0,1.0,0.0,1.0,0,1,1,1,1
4,1,3,48,0,0,0,0,0,0,0,0,0,5,0,0,0,0,0,24,0,24,0,0,0,1,1,1,-1,-1,-1,1,0,-1,-1,-1,-1,-1,-1,-1,1
2,2,1,17,0,0,0,0,0,0,0,0,0,0,0,0,0,0,0,16,0,1,1,0,0,1,0,1,-1,-1,-1,1,0,0.7717391304347826,0.7717391304347826,0.21739130434782608,0,1,-1,-1,0
3,3,1,20,0,0,0,0,0,0,0,0,0,3,0,0,0,0,0,19,0,1,1,0,0,1,-1,1,-1,-1,-1,1,0,-1,-1,-1,-1,-1,-1,-1,0
3,3,1,15,0,0,0,0,0,0,0,0,0,0,0,0,0,0,0,14,0,1,1,0,0,1,-1,1,-1,-1,-1,1,1,0.9908256880733946,0.9908256880733946,0.009174311926605505,0,1,-1,0,0
2,2,1,24,0,0,0,0,0,0,0,0,0,0,0,0,0,0,0,23,0,1,1,0,0,1,0,1,-1,-1,-1,1,0,0.014492753623188406,0.014492753623188406,0.9855072463768116,0,-1,1,1,0
2,2,3,23,0,0,0,0,0,0,0,0,0,1,0,0,0,0,0,15,0,8,1,0,0,1,0,1,-1,-1,-1,1,1,1.0,1.0,0.0,0,1,1,0,1
2,2,1,18,0,0,0,0,0,0,0,0,0,0,1,0,0,0,0,17,0,1,1,0,0,1,0,1,-1,-1,-1,1,1,0.908256880733945,0.09174311926605505,0.8990825688073395,0,-1,1,0,0
4,1,2,54,0,0,0,0,0,0,0,0,0,22,0,0,0,0,0,17,0,37,0,0,0,0,1,1,-1,-1,-1,1,0,-1,-1,-1,-1,-1,-1,-1,1
3,3,1,14,0,0,0,0,0,0,0,0,0,0,0,0,0,0,0,13,0,1,1,0,0,1,-1,1,-1,-1,-1,1,0,0.9842931937172775,0.1518324607329843,0.8429319371727748,0,-1,0,0,0
2,2,1,21,0,0,0,0,0,0,0,0,0,0,0,0,0,0,0,20,0,1,1,0,0,1,0,1,-1,-1,-1,1,0,-1,-1,-1,-1,-1,-1,-1,0
2,2,1,13,0,0,0,0,0,0,0,0,0,0,0,0,0,0,0,12,0,1,1,0,0,1,0,1,-1,-1,-1,1,1,0.08771929824561403,0.08771929824561403,0.9122807017543859,0,0,1,1,0
5,2,5,66,1,0,0,0,0,0,0,0,0,7,0,0,0,0,0,22,0,44,0,0,0,0,0,1,-1,-1,-1,1,0,-1,-1,-1,-1,-1,-1,-1,1
4,4,1,23,0,0,0,0,0,0,0,0,0,0,0,0,0,0,0,22,0,1,1,0,0,1,-1,-1,-1,-1,-1,-1,0,-1,-1,-1,-1,-1,-1,-1,0
2,2,1,17,0,0,0,0,0,0,0,0,0,0,0,0,0,0,0,16,0,1,1,0,0,1,0,1,-1,-1,-1,1,1,0.6666666666666666,0.6666666666666666,0.3333333333333333,0,1,1,1,0
1,1,1,10,0,0,0,0,0,0,0,0,0,2,0,0,0,0,0,9,0,1,1,0,0,1,1,1,-1,-1,-1,1,1,0.9653179190751445,0.8728323699421965,0.12716763005780346,0,1,-1,-1,0
5,2,4,65,0,0,0,1,0,0,0,0,0,30,1,0,0,0,0,15,0,50,0,0,0,0,0,1,-1,-1,-1,1,0,0.0,0.0,1.0,0,1,1,1,1
2,2,1,18,0,0,0,0,0,0,0,0,0,0,0,0,0,0,0,17,0,1,1,0,0,1,0,1,-1,-1,-1,1,0,-1,-1,-1,-1,-1,-1,-1,0
5,2,4,66,0,0,0,0,0,0,0,0,0,4,0,0,0,0,0,24,0,42,0,0,0,0,0,1,-1,-1,-1,1,0,-1,-1,-1,-1,-1,-1,-1,1
2,2,1,18,0,0,0,0,0,0,0,0,0,0,0,0,0,0,0,17,0,1,1,0,0,1,0,1,-1,-1,-1,1,1,0.9752066115702479,0.9256198347107438,0.0743801652892562,0,1,-1,0,0
4,1,4,64,0,0,0,0,0,0,0,0,0,19,0,0,0,0,0,9,0,55,0,0,0,0,1,1,-1,-1,-1,1,0,-1,-1,-1,-1,-1,-1,-1,1
2,2,1,14,0,0,0,0,0,0,0,0,0,0,0,0,0,0,0,13,0,1,1,0,0,1,0,1,-1,-1,-1,1,1,0.944,0.08,0.92,0,-1,1,0,0
5,1,2,51,0,0,0,0,0,0,1,0,0,0,0,0,0,0,0,23,11,28,0,2,0,1,1,1,-1,-1,-1,1,0,-1,-1,-1,-1,-1,-1,-1,1
10,1,2,66,0,0,0,0,1,0,0,0,0,0,0,0,0,0,0,19,0,47,0,0,0,0,1,1,-1,-1,-1,1,0,-1,-1,-1,-1,-1,-1,-1,1
5,2,5,66,1,0,0,0,0,0,0,0,0,0,0,0,0,0,0,23,0,43,0,0,0,0,0,-1,-1,-1,-1,-1,0,-1,-1,-1,-1,-1,-1,-1,1
2,2,1,23,1,1,0,0,0,0,0,0,0,0,0,0,0,0,0,22,0,1,1,0,0,1,0,1,-1,-1,-1,1,1,0.9457013574660633,0.9457013574660633,0.04524886877828054,0,1,-1,0,0
4,1,3,66,0,0,0,0,0,0,0,0,0,16,0,0,0,0,0,28,0,38,0,0,0,0,1,1,-1,-1,-1,1,0,1.0,0.0,1.0,0,1,1,1,1
5,2,6,51,0,0,0,0,0,0,0,0,0,0,0,0,0,0,0,13,0,38,0,0,0,1,0,1,-1,-1,-1,1,0,-1,-1,-1,-1,-1,-1,-1,1
1,1,1,12,0,0,0,0,0,0,0,0,0,0,0,0,0,0,0,7,0,5,0,0,0,1,1,1,-1,-1,-1,1,0,-1,-1,-1,-1,-1,-1,-1,1
5,2,2,66,0,0,0,0,0,0,0,0,0,23,0,0,0,0,0,25,0,41,0,0,0,0,0,1,-1,-1,-1,1,0,-1,-1,-1,-1,-1,-1,-1,1
2,2,2,26,0,0,0,0,0,0,0,0,0,1,0,0,0,0,0,18,0,8,1,0,0,1,0,1,-1,-1,-1,1,0,-1,-1,-1,-1,-1,-1,-1,0
5,2,3,66,1,0,0,0,0,0,0,0,0,9,0,0,0,0,0,24,0,42,0,0,0,0,0,1,-1,-1,-1,1,0,-1,-1,-1,-1,-1,-1,-1,1
6,3,3,46,0,0,0,0,0,0,0,0,0,0,0,0,0,0,0,27,0,19,0,1,0,1,-1,1,-1,-1,-1,1,0,-1,-1,-1,-1,-1,-1,-1,1
1,1,1,14,0,0,0,0,0,0,0,0,0,0,0,0,0,0,0,13,0,1,1,0,0,1,1,1,-1,-1,-1,1,0,-1,-1,-1,-1,-1,-1,-1,0
2,2,1,19,0,0,0,0,0,0,0,0,0,0,0,0,0,0,0,18,0,1,1,0,0,1,0,1,-1,1,1,1,0,0.06976744186046512,0.06976744186046512,0.9069767441860465,0,0,1,1,0
2,2,1,18,0,0,0,0,0,0,0,0,0,0,0,0,0,0,0,17,0,1,1,0,0,1,0,1,-1,-1,-1,1,0,0.9615384615384616,0.34615384615384615,0.6538461538461539,0,1,1,0,0
5,2,3,66,0,0,0,0,0,0,0,0,0,26,0,0,0,0,0,18,0,48,0,0,0,0,0,1,-1,-1,-1,1,0,-1,-1,-1,-1,-1,-1,-1,1
4,4,2,24,0,0,0,1,0,0,0,0,0,0,0,0,0,0,0,19,0,5,1,0,0,1,-1,1,-1,-1,-1,1,0,0.0,0.0,1.0,0,1,1,1,0
6,3,4,53,1,0,0,0,0,0,0,0,0,0,0,0,0,0,0,19,0,34,0,0,0,1,-1,1,-1,-1,-1,1,0,-1,-1,-1,-1,-1,-1,-1,1
4,4,1,31,0,0,0,0,0,0,0,0,0,0,0,0,0,0,0,30,0,1,1,2,0,1,-1,1,-1,-1,-1,1,0,-1,-1,-1,-1,-1,-1,-1,1
2,2,1,19,0,0,0,0,0,0,0,0,0,0,0,0,0,0,0,18,0,1,1,0,0,1,0,1,-1,-1,-1,1,0,0.18181818181818182,0.18181818181818182,0.8181818181818182,0,1,1,1,0
2,1,2,38,0,0,0,0,0,0,0,0,0,0,0,0,0,0,0,23,0,15,0,0,0,1,1,1,-1,-1,-1,1,0,0.0,0.0,1.0,0,1,1,1,1
5,2,2,66,0,0,0,0,0,0,0,0,0,20,0,0,0,0,0,27,0,39,0,0,0,0,0,1,-1,-1,-1,1,0,-1,-1,-1,-1,-1,-1,-1,1
2,2,1,27,0,0,0,0,0,0,0,0,0,0,0,0,0,0,0,26,0,1,1,0,0,1,0,1,-1,-1,-1,1,0,-1,-1,-1,-1,-1,-1,-1,0
2,2,1,23,0,0,0,0,0,0,0,0,0,1,0,0,0,0,0,22,0,1,1,0,0,1,0,1,-1,-1,-1,1,0,0.9285714285714286,0.7142857142857143,0.2857142857142857,0,1,1,0,0
2,2,1,16,0,0,0,0,0,0,0,0,0,0,0,0,0,0,0,15,0,1,1,0,0,1,0,1,-1,-1,-1,1,1,0.9798657718120806,0.1342281879194631,0.8657718120805369,0,-1,1,0,0
1,1,1,27,0,0,0,0,0,0,0,0,0,7,0,0,0,0,0,12,0,15,0,0,0,1,1,1,-1,-1,-1,1,0,-1,-1,-1,-1,-1,-1,-1,1
6,3,3,66,0,0,0,0,0,0,0,0,0,8,0,0,0,0,0,26,0,40,0,0,0,0,-1,1,-1,-1,-1,1,0,-1,-1,-1,-1,-1,-1,-1,1
6,3,3,66,0,0,0,0,0,1,0,0,0,2,0,0,0,0,0,35,0,31,0,0,0,0,-1,1,-1,-1,-1,1,0,-1,-1,-1,-1,-1,-1,-1,1
1,1,1,10,0,0,0,0,0,0,0,0,0,2,0,0,0,0,0,4,0,6,0,0,0,1,1,1,-1,-1,-1,1,0,0.9836065573770492,0.9672131147540983,0.03278688524590164,0,1,0,0,1
2,2,1,17,0,0,0,0,0,0,0,0,0,0,0,0,0,0,0,16,0,1,1,0,0,1,0,1,-1,-1,-1,1,0,0.7864583333333334,0.08333333333333333,0.9114583333333334,0,-1,1,0,0
6,2,3,45,0,0,0,0,0,0,0,0,0,0,0,0,0,0,0,18,0,27,0,0,0,1,0,1,-1,-1,-1,1,0,-1,-1,-1,-1,-1,-1,-1,1
2,2,1,25,0,0,0,0,0,0,0,0,0,0,0,0,0,0,0,24,0,1,1,0,0,1,0,1,-1,-1,-1,1,1,0.673469387755102,0.673469387755102,0.32653061224489793,0,1,0,0,0
2,2,2,23,0,0,0,0,0,0,0,0,0,0,0,0,0,0,0,18,0,5,1,0,0,1,0,1,-1,-1,-1,1,0,1.0,1.0,0.0,0,1,1,1,1
6,2,3,66,1,0,0,0,0,0,1,0,0,2,0,0,0,0,0,19,16,47,0,0,0,0,0,1,-1,-1,-1,1,0,-1,-1,-1,-1,-1,-1,-1,1
4,1,3,66,0,0,0,0,0,0,0,0,0,19,0,0,0,0,0,21,0,45,0,0,0,0,1,1,-1,-1,-1,1,0,-1,-1,-1,-1,-1,-1,-1,1
2,2,2,29,0,0,0,0,0,0,0,0,0,0,0,0,0,0,0,19,0,10,1,0,0,1,0,1,-1,-1,-1,1,1,0.9880239520958084,0.05389221556886228,0.9341317365269461,0,-1,1,0,0
4,1,2,66,0,0,0,0,0,0,0,0,0,11,0,0,0,0,0,12,0,54,0,1,0,0,1,1,-1,-1,-1,1,0,-1,-1,-1,-1,-1,-1,-1,1
9,5,4,56,0,0,0,0,0,0,0,0,0,0,0,0,0,0,0,26,0,30,0,2,0,0,-1,1,-1,-1,-1,1,0,-1,-1,-1,-1,-1,-1,-1,1
2,2,1,14,0,0,0,0,0,0,0,0,0,0,0,0,0,0,0,13,0,1,1,0,0,1,0,1,-1,-1,-1,1,1,0.9302325581395349,0.3488372093023256,0.6511627906976745,0,1,1,0,0
5,2,3,66,1,1,0,0,0,0,0,0,0,20,0,0,0,0,0,22,0,44,0,0,0,0,0,1,-1,-1,-1,1,0,-1,-1,-1,-1,-1,-1,-1,1
7,4,0,66,0,0,0,0,0,0,0,0,0,5,0,0,0,0,0,66,0,0,0,0,0,0,-1,-1,-1,-1,-1,-1,0,-1,-1,-1,-1,-1,-1,-1,1
2,2,1,22,0,0,0,0,0,0,0,0,0,0,0,0,0,0,0,21,0,1,1,0,0,1,0,1,-1,-1,-1,1,0,0.48484848484848486,0.48484848484848486,0.5151515151515151,0,1,1,1,0
6,2,3,48,1,0,0,0,0,0,0,0,0,0,0,0,0,0,0,25,0,23,0,0,0,1,0,1,-1,-1,-1,1,0,-1,-1,-1,-1,-1,-1,-1,1
2,2,1,15,0,0,0,0,0,0,0,0,0,0,0,0,0,0,0,14,0,1,1,0,0,1,0,1,-1,-1,-1,1,0,0.875,0.875,0.125,0,1,1,0,0
5,2,2,66,0,0,0,0,0,0,0,0,0,17,0,0,0,0,0,27,0,39,0,0,0,0,0,1,-1,-1,-1,1,0,-1,-1,-1,-1,-1,-1,-1,1
2,2,1,17,0,0,0,0,0,0,0,0,0,0,0,0,0,0,0,16,0,1,1,0,0,1,0,-1,-1,-1,-1,-1,0,-1,-1,-1,-1,-1,-1,-1,0
5,2,3,66,0,0,0,0,0,0,0,0,0,12,0,0,0,0,0,22,0,44,0,0,0,0,0,1,-1,-1,-1,1,0,-1,-1,-1,-1,-1,-1,-1,1
2,2,1,16,0,0,0,0,0,0,0,0,0,0,0,0,0,0,0,15,0,1,1,0,0,1,0,1,-1,-1,-1,1,0,1.0,1.0,0.0,0,1,1,1,0
2,2,1,23,0,0,0,0,0,0,0,0,0,0,0,0,0,0,0,22,0,1,1,0,0,1,0,1,-1,-1,-1,1,0,0.9846153846153847,0.3076923076923077,0.6923076923076923,0,0,1,0,0
6,2,2,66,1,0,0,0,1,0,1,1,0,2,0,0,0,0,0,17,24,49,0,1,0,0,0,1,-1,-1,-1,1,0,-1,-1,-1,-1,-1,-1,-1,1
5,2,3,50,1,0,0,0,0,0,0,0,0,0,0,0,0,0,0,22,0,28,0,0,0,1,0,1,-1,-1,-1,1,0,1.0,0.045454545454545456,0.9545454545454546,0,0,1,0,1
4,3,2,34,0,0,0,0,0,0,0,0,0,0,0,0,0,0,0,15,0,19,0,0,0,1,-1,1,-1,-1,-1,1,0,0.9583333333333334,0.9583333333333334,0.03333333333333333,0,1,-1,0,1
3,3,1,20,0,0,0,0,0,0,0,0,0,0,0,0,0,0,0,19,0,1,1,0,0,1,-1,1,-1,-1,-1,1,0,0.8518518518518519,0.5925925925925926,0.4074074074074074,0,0,0,1,0
1,1,3,21,1,1,0,0,0,0,0,0,0,0,0,0,0,0,0,12,0,9,1,0,0,1,1,1,-1,-1,-1,1,0,-1,-1,-1,-1,-1,-1,-1,1
5,2,4,66,1,0,0,0,0,0,0,0,0,16,0,0,0,0,0,18,0,48,0,0,0,0,0,1,-1,-1,-1,1,0,-1,-1,-1,-1,-1,-1,-1,1
5,2,3,66,0,0,0,0,0,0,0,0,0,16,0,0,0,0,0,26,0,40,0,0,0,0,0,1,-1,-1,-1,1,0,-1,-1,-1,-1,-1,-1,-1,1
5,2,3,66,0,0,0,0,0,0,0,0,0,20,0,0,0,0,0,21,0,45,0,1,0,0,0,1,-1,-1,-1,1,0,-1,-1,-1,-1,-1,-1,-1,1
5,2,3,42,0,0,0,0,1,0,0,0,0,1,0,0,0,0,0,19,0,23,0,1,0,1,0,1,-1,-1,-1,1,0,-1,-1,-1,-1,-1,-1,-1,1
1,1,4,36,0,0,0,0,0,0,0,0,0,0,0,0,0,0,0,10,0,26,0,0,0,1,1,1,-1,-1,-1,1,0,-1,-1,-1,-1,-1,-1,-1,1
2,2,1,21,0,0,0,0,0,0,0,0,0,0,0,0,0,0,0,20,0,1,1,0,0,1,0,1,-1,-1,-1,1,1,0.9811320754716981,0.09433962264150944,0.9056603773584906,0,0,1,0,0
2,2,1,21,0,0,0,0,0,0,0,0,0,0,0,0,0,0,0,20,0,1,1,0,0,1,0,1,-1,-1,1,1,1,1.0,0.08333333333333333,0.9166666666666666,0,0,1,0,0
3,2,1,31,0,0,0,0,0,0,0,0,0,0,0,0,0,0,0,19,0,12,0,0,0,1,0,1,-1,-1,-1,1,0,0.8490566037735849,0.8490566037735849,0.1509433962264151,0,1,0,0,0
2,2,1,15,0,0,0,0,0,0,0,0,0,0,0,0,0,0,0,14,0,1,1,0,0,1,0,1,-1,-1,-1,1,0,-1,-1,-1,-1,-1,-1,-1,0
2,2,1,14,0,0,0,0,0,0,0,0,0,0,0,0,0,0,0,13,0,1,1,0,0,1,0,1,-1,-1,-1,1,1,0.8940397350993378,0.6887417218543046,0.304635761589404,0,0,-1,0,0
5,2,4,44,0,0,0,0,0,0,0,0,0,0,0,0,0,0,0,20,0,24,0,0,0,1,0,1,-1,-1,-1,1,0,-1,-1,-1,-1,-1,-1,-1,1
3,3,1,28,0,0,0,0,0,0,0,0,0,0,0,0,0,0,0,27,0,1,1,0,0,1,-1,1,-1,-1,-1,1,1,0.9552238805970149,0.16417910447761194,0.835820895522388,0,0,1,0,0
3,3,1,19,0,0,0,0,0,0,0,0,0,0,0,0,1,0,0,18,0,1,1,0,0,1,-1,1,-1,-1,-1,1,0,0.0547945205479452,0.0547945205479452,0.9452054794520548,0,-1,1,1,0
5,2,3,66,2,1,0,0,0,0,0,0,0,0,0,0,0,0,0,24,0,42,0,0,0,0,0,1,-1,-1,-1,1,0,-1,-1,-1,-1,-1,-1,-1,1
4,1,4,45,0,0,0,0,0,0,0,0,0,0,0,0,0,0,0,24,0,21,0,0,0,1,1,1,-1,-1,-1,1,0,0.6428571428571429,0.5714285714285714,0.21428571428571427,0,1,1,1,1
3,3,1,15,0,0,0,0,0,0,0,0,0,0,0,0,0,0,0,14,0,1,1,0,0,1,-1,1,-1,-1,1,1,0,-1,-1,-1,-1,-1,-1,-1,0
5,1,3,47,1,1,0,0,0,0,0,0,0,0,0,0,0,0,0,15,0,32,0,0,0,1,1,1,-1,-1,-1,1,0,-1,-1,-1,-1,-1,-1,-1,1
6,1,4,50,1,1,0,0,0,0,1,0,0,0,0,0,0,0,0,24,8,26,0,0,0,1,1,1,-1,-1,-1,1,0,-1,-1,-1,-1,-1,-1,-1,1
9,5,4,56,0,0,0,0,0,0,0,0,0,0,0,0,0,0,0,26,0,30,0,2,0,0,-1,1,-1,-1,-1,1,0,-1,-1,-1,-1,-1,-1,-1,1
2,2,1,20,0,0,0,0,0,0,0,0,0,0,0,0,0,0,0,19,0,1,1,0,0,1,0,1,-1,-1,-1,1,0,0.7558139534883721,0.7558139534883721,0.2441860465116279,0,1,-1,1,0
2,2,1,25,0,0,0,0,0,0,0,0,0,0,0,0,0,0,0,24,0,1,1,0,0,1,0,1,-1,-1,-1,1,1,0.9694656488549618,0.010178117048346057,0.9796437659033079,0,-1,1,0,0
1,1,2,19,0,0,0,0,0,0,1,0,0,0,0,0,0,0,0,11,3,8,0,0,0,1,1,1,-1,-1,1,1,0,0.972457627118644,0.2690677966101695,0.7161016949152542,0,-1,-1,0,1
2,2,1,24,0,0,0,0,0,0,0,0,0,0,0,0,0,0,0,23,0,1,1,0,0,1,0,1,-1,-1,-1,1,0,0.30319148936170215,0.30319148936170215,0.6968085106382979,0,-1,0,1,0
7,3,7,65,1,0,0,0,0,0,0,0,0,0,1,0,0,0,0,19,0,46,0,0,0,0,-1,1,-1,-1,-1,1,0,-1,-1,-1,-1,-1,-1,-1,1
2,2,1,19,0,0,0,0,0,0,0,0,0,0,0,0,0,0,0,18,0,1,1,0,0,1,0,1,-1,-1,-1,1,0,0.9423076923076923,0.9423076923076923,0.057692307692307696,0,1,0,0,0
4,3,2,42,0,0,0,1,0,0,0,0,0,0,0,0,0,0,0,21,0,21,0,0,0,1,-1,1,-1,-1,-1,1,0,0.5555555555555556,0.5555555555555556,0.4444444444444444,0,1,1,1,0
2,2,2,32,1,0,0,0,0,0,0,0,0,0,0,0,1,0,0,16,0,16,0,0,0,1,0,1,-1,-1,-1,1,0,-1,-1,-1,-1,-1,-1,-1,1
3,3,1,19,0,0,0,0,0,0,0,0,0,0,0,0,1,0,0,18,0,1,1,0,0,1,-1,1,-1,-1,1,1,1,0.8951965065502183,0.1615720524017467,0.8384279475982532,0,-1,0,0,0
7,4,2,48,1,0,0,0,0,0,0,0,0,0,0,0,0,0,0,35,0,13,0,0,0,1,-1,1,-1,-1,-1,1,0,-1,-1,-1,-1,-1,-1,-1,1
3,2,1,28,0,0,0,0,1,0,0,0,0,0,0,0,0,0,0,15,0,13,0,0,0,1,0,1,-1,-1,-1,1,0,0.016129032258064516,0.016129032258064516,0.8225806451612904,0,0,1,0,0
2,2,1,25,0,0,0,0,0,0,0,0,0,0,0,0,0,0,0,24,0,1,1,0,0,1,0,1,-1,-1,-1,1,0,-1,-1,-1,-1,-1,-1,-1,0
2,2,1,29,0,0,0,0,0,0,0,0,0,0,0,0,0,0,0,28,0,1,1,0,0,1,0,1,-1,-1,-1,1,0,1.0,1.0,0.0,0,1,1,1,0
1,1,2,21,0,0,0,0,0,0,0,0,0,0,0,0,0,0,0,14,0,7,1,0,0,1,1,1,-1,-1,-1,1,0,1.0,1.0,0.0,0,1,1,1,1
7,2,5,63,1,0,0,0,0,0,0,0,0,0,0,0,0,0,0,18,0,45,0,1,0,0,0,1,-1,-1,-1,1,0,-1,-1,-1,-1,-1,-1,-1,1
1,1,1,18,0,0,0,0,0,0,0,0,0,0,0,0,0,0,0,17,0,1,1,0,0,1,1,1,-1,-1,-1,1,0,0.0,0.0,1.0,0,1,1,1,0
3,2,2,36,0,0,0,0,0,0,0,0,0,0,0,0,0,0,0,16,0,20,0,0,0,1,0,1,-1,-1,-1,1,0,0.9368421052631579,0.10526315789473684,0.8947368421052632,0,-1,1,0,0
3,2,1,38,0,0,0,0,0,0,0,0,0,1,0,0,0,0,0,21,0,17,0,1,0,1,0,1,-1,-1,-1,1,0,0.9285714285714286,0.8571428571428571,0.14285714285714285,0,1,1,1,1
2,2,1,22,0,0,0,0,0,0,0,0,0,0,0,0,0,0,0,21,0,1,1,0,0,1,0,1,-1,-1,-1,1,0,0.8571428571428571,0.6428571428571429,0.35714285714285715,0,1,1,0,0
6,2,4,45,0,0,0,0,0,0,0,0,0,1,0,0,0,0,0,16,0,29,0,0,0,1,0,1,-1,-1,-1,1,0,1.0,1.0,0.0,0,1,1,1,1
2,2,1,17,0,0,0,0,0,0,0,0,0,0,0,0,0,0,0,16,0,1,1,0,0,1,0,1,-1,-1,-1,1,1,0.9526627218934911,0.4437869822485207,0.5562130177514792,0,-1,-1,0,0
5,2,2,63,0,0,0,0,0,0,0,0,0,19,0,0,0,0,0,19,0,44,0,0,0,0,0,1,-1,-1,-1,1,0,-1,-1,-1,-1,-1,-1,-1,1
6,2,2,66,0,0,0,0,1,0,1,1,0,4,0,0,0,0,0,15,35,51,0,2,0,0,0,1,-1,-1,-1,1,0,-1,-1,-1,-1,-1,-1,-1,1
3,3,1,23,0,0,0,0,0,0,0,0,0,0,0,0,0,0,0,22,0,1,1,0,0,1,-1,1,-1,-1,-1,1,0,1.0,0.02040816326530612,0.9795918367346939,0,-1,1,1,0
3,3,1,25,0,0,0,0,0,0,0,0,0,0,0,0,0,0,0,24,0,1,1,0,0,1,-1,1,-1,-1,-1,1,0,0.9496402877697842,0.11510791366906475,0.8848920863309353,0,-1,1,-1,0
6,1,4,51,1,1,0,0,0,0,0,0,0,0,0,0,0,0,0,18,0,33,0,0,0,1,1,1,-1,-1,-1,1,0,-1,-1,-1,-1,-1,-1,-1,1
4,1,3,66,0,0,0,0,0,0,0,0,0,18,0,0,0,0,0,16,0,50,0,0,0,0,1,1,-1,-1,-1,1,0,-1,-1,-1,-1,-1,-1,-1,1
2,2,1,21,0,0,0,0,0,0,0,0,0,0,0,0,0,0,0,20,0,1,1,0,0,1,0,1,-1,-1,1,1,0,0.8181818181818182,0.04318181818181818,0.9477272727272728,0,-1,1,0,0
2,2,1,12,0,0,0,0,0,0,0,0,0,0,0,0,0,0,0,11,0,1,1,0,0,1,0,1,-1,-1,-1,1,0,-1,-1,-1,-1,-1,-1,-1,0
7,1,2,72,0,0,0,0,2,0,1,0,0,4,0,0,0,0,0,11,33,61,0,0,0,0,1,1,-1,-1,-1,1,0,-1,-1,-1,-1,-1,-1,-1,1
1,1,1,21,0,0,0,0,0,0,0,0,0,0,0,0,0,0,0,20,0,1,1,0,0,1,1,1,-1,-1,-1,1,1,0.9909502262443439,0.020361990950226245,0.9796380090497737,0,-1,1,0,0
6,2,1,48,2,2,0,0,2,0,0,0,0,0,0,0,0,0,0,20,0,28,0,1,0,1,0,1,-1,-1,-1,1,1,0.6666666666666666,0.6666666666666666,0.3333333333333333,0,1,1,1,1
2,2,1,19,0,0,0,0,0,0,0,0,0,0,0,0,0,0,0,18,0,1,1,0,0,1,0,1,-1,-1,1,1,0,0.868421052631579,0.868421052631579,0.05921052631578947,0,1,-1,0,0
2,2,1,21,0,0,0,0,0,0,0,0,0,0,0,0,0,0,0,20,0,1,1,0,0,1,0,1,-1,-1,-1,1,0,0.6357615894039735,0.40397350993377484,0.5894039735099338,0,-1,-1,0,0
3,3,3,42,0,0,0,0,0,0,0,0,0,0,0,0,0,0,0,21,0,21,1,0,0,1,-1,-1,-1,-1,-1,-1,0,-1,-1,-1,-1,-1,-1,-1,0
2,1,2,32,0,0,0,0,1,0,0,0,0,1,0,0,0,0,0,15,0,17,0,0,0,1,1,1,-1,-1,-1,1,0,-1,-1,-1,-1,-1,-1,-1,1
5,2,2,44,0,0,0,0,0,0,0,0,0,0,0,0,0,0,0,25,0,19,0,0,0,1,0,1,-1,-1,-1,1,0,-1,-1,-1,-1,-1,-1,-1,1
6,2,1,44,3,2,0,0,0,0,0,0,0,0,0,0,0,0,0,19,0,25,0,2,0,1,0,1,-1,-1,-1,1,1,0.6666666666666666,0.6666666666666666,0.3333333333333333,0,1,1,1,1
2,2,1,25,0,0,0,0,0,0,0,0,0,0,0,0,0,0,0,24,0,1,1,0,0,1,0,1,-1,-1,1,1,1,0.9043478260869565,0.3391304347826087,0.6608695652173913,0,-1,0,0,0
4,1,5,66,1,1,0,0,0,0,0,0,0,0,0,0,0,0,0,21,0,45,0,0,0,0,1,1,-1,-1,-1,1,0,-1,-1,-1,-1,-1,-1,-1,1
4,3,2,33,0,0,0,0,0,0,0,0,0,0,0,0,0,0,0,19,0,14,0,0,0,1,-1,1,-1,-1,-1,1,1,0.95,0.15,0.85,0,1,1,0,1
2,2,1,15,0,0,0,0,0,0,0,0,0,0,0,0,0,0,0,14,0,1,1,0,0,1,0,1,-1,-1,-1,1,0,0.9181286549707602,0.45614035087719296,0.543859649122807,0,-1,-1,0,0
2,2,1,24,0,0,0,0,0,0,0,0,0,0,1,0,0,0,0,23,0,1,1,0,0,1,0,1,-1,-1,-1,1,1,0.9886363636363636,0.9659090909090909,0.03409090909090909,0,1,-1,0,0
7,2,4,66,1,1,0,0,0,0,1,0,0,0,0,0,0,0,0,23,8,43,0,0,0,0,0,1,-1,-1,-1,1,0,-1,-1,-1,-1,-1,-1,-1,1
2,2,1,11,0,0,0,0,0,0,0,0,0,1,0,0,0,0,0,10,0,1,1,0,0,1,0,1,-1,-1,-1,1,1,0.975609756097561,0.975609756097561,0.024390243902439025,0,1,0,-1,0
2,2,1,13,0,0,0,0,0,0,0,0,0,0,0,0,0,0,0,12,0,1,1,0,0,1,0,1,-1,-1,-1,1,0,-1,-1,-1,-1,-1,-1,-1,0
5,1,4,48,0,0,0,0,0,0,0,0,0,0,0,0,0,0,0,22,0,26,0,1,0,1,1,1,-1,-1,-1,1,0,-1,-1,-1,-1,-1,-1,-1,1
7,3,3,66,0,0,0,0,0,0,0,0,0,0,0,0,0,0,0,23,0,43,0,0,0,0,-1,1,-1,-1,-1,1,0,0.0,0.0,1.0,0,1,1,1,1
4,3,3,57,0,0,0,1,0,0,0,0,0,0,0,0,0,0,0,21,0,36,0,0,0,0,-1,1,-1,-1,-1,1,0,0.5416666666666666,0.5416666666666666,0.4583333333333333,0,-1,-1,1,0
6,3,3,66,0,0,0,0,0,0,0,0,0,14,0,0,0,0,0,28,0,38,0,0,0,0,-1,1,-1,-1,-1,1,0,-1,-1,-1,-1,-1,-1,-1,1
11,8,0,66,0,0,0,0,0,0,0,0,0,0,0,0,0,0,0,66,0,0,0,0,0,0,-1,-1,-1,-1,-1,-1,0,-1,-1,-1,-1,-1,-1,-1,1
2,2,1,18,1,1,0,0,0,0,0,0,0,0,0,0,0,0,0,17,0,1,1,0,0,1,0,1,-1,-1,-1,1,0,0.6962025316455697,0.6962025316455697,0.3037974683544304,0,0,-1,0,0
5,2,6,66,1,0,0,0,0,0,0,0,0,0,0,0,0,0,0,23,0,43,1,0,0,0,0,-1,-1,-1,-1,-1,0,-1,-1,-1,-1,-1,-1,-1,1
2,2,3,34,0,0,0,0,0,0,0,0,0,0,0,0,0,0,0,22,0,12,1,0,0,1,0,1,-1,-1,-1,1,0,-1,-1,-1,-1,-1,-1,-1,1
3,3,2,26,0,0,0,0,0,0,0,0,0,0,0,0,0,0,0,20,0,6,1,0,0,1,-1,1,-1,-1,-1,1,1,0.21739130434782608,0.21739130434782608,0.782608695652174,0,1,1,1,0
6,2,3,66,1,0,0,0,0,0,1,0,0,1,0,0,0,0,0,26,5,40,0,1,0,0,0,1,-1,-1,-1,1,0,-1,-1,-1,-1,-1,-1,-1,1
2,2,1,14,0,0,0,0,0,0,0,0,0,0,0,0,0,0,0,13,0,1,1,0,0,1,0,1,-1,-1,1,1,0,0.9929015084294588,0.9929015084294588,0.00709849157054126,0,1,-1,0,0
2,1,2,34,0,0,0,0,0,0,0,0,0,0,0,0,0,0,0,20,0,14,0,1,0,1,1,1,-1,-1,-1,1,0,-1,-1,-1,-1,-1,-1,-1,1
4,1,5,43,1,1,0,0,0,0,0,0,0,0,0,0,0,0,0,16,0,27,0,0,0,1,1,1,-1,-1,-1,1,0,-1,-1,-1,-1,-1,-1,-1,1
4,1,3,65,0,0,0,0,0,0,0,0,0,15,0,0,0,0,0,21,0,44,0,0,0,0,1,1,-1,-1,-1,1,0,-1,-1,-1,-1,-1,-1,-1,1
2,2,1,22,0,0,0,0,0,0,0,0,0,0,0,0,0,0,0,21,0,1,1,0,0,1,0,1,-1,-1,-1,1,0,0.0,0.0,1.0,0,1,1,1,0
5,1,5,49,0,0,0,0,0,1,0,0,0,2,0,0,0,0,0,13,0,36,0,0,0,1,1,1,-1,-1,-1,1,1,0.9824561403508771,0.0,1.0,0,0,1,1,1
3,2,1,29,0,0,0,0,0,0,0,0,0,0,0,0,0,0,0,18,0,11,0,1,0,1,0,1,-1,-1,-1,1,0,0.9285714285714286,0.8571428571428571,0.14285714285714285,0,1,1,1,1
2,2,1,31,0,0,0,0,0,0,0,0,0,0,0,0,0,0,0,30,0,1,1,0,0,1,0,1,-1,-1,-1,1,1,0.5,0.5,0.5,0,-1,-1,0,0
2,2,1,20,0,0,0,0,0,0,0,0,0,0,0,0,0,0,0,19,0,1,1,0,0,1,0,1,-1,-1,-1,1,1,1.0,0.14583333333333334,0.8541666666666666,0,0,1,0,0
2,2,1,23,0,0,0,0,0,0,0,0,0,0,0,0,0,0,0,22,0,1,1,0,0,1,0,1,-1,-1,-1,1,0,0.05,0.0,1.0,0,1,1,1,0
3,3,2,27,0,0,0,0,0,0,0,0,0,0,0,0,0,0,0,19,0,8,1,0,0,1,-1,1,-1,-1,-1,1,0,0.18181818181818182,0.18181818181818182,0.8181818181818182,0,1,1,1,0
5,2,2,45,0,0,0,0,0,0,0,0,0,5,0,0,0,0,0,25,0,20,0,0,0,1,0,1,-1,-1,-1,1,0,-1,-1,-1,-1,-1,-1,-1,1
2,2,3,30,0,0,0,0,0,0,0,0,0,0,0,0,0,0,0,15,0,15,1,0,0,1,0,1,-1,-1,-1,1,0,0.8571428571428571,0.0,1.0,0,1,1,1,0
6,3,2,51,0,0,0,0,0,0,0,0,0,2,0,0,0,0,0,34,0,17,0,1,0,1,-1,1,-1,-1,-1,1,0,-1,-1,-1,-1,-1,-1,-1,1
2,2,1,25,1,1,0,0,0,0,0,0,0,0,0,0,0,0,0,24,0,1,1,0,0,1,0,1,-1,-1,-1,1,0,0.8888888888888888,0.8888888888888888,0.1111111111111111,0,1,1,1,0
5,2,2,66,0,0,0,0,0,0,0,0,0,9,0,0,0,0,0,16,0,50,0,1,0,0,0,1,-1,-1,-1,1,0,-1,-1,-1,-1,-1,-1,-1,1
2,2,2,38,0,0,0,0,0,0,0,0,0,0,0,0,0,0,0,21,0,17,0,0,0,1,0,1,-1,-1,-1,1,0,-1,-1,-1,-1,-1,-1,-1,1
6,2,1,46,2,1,0,0,0,0,0,0,0,0,0,0,0,0,0,20,0,26,0,1,0,1,0,1,-1,-1,-1,1,1,0.6666666666666666,0.6666666666666666,0.3333333333333333,0,1,1,1,1
3,2,1,32,1,1,0,0,0,0,0,0,0,0,0,0,0,0,0,20,0,12,0,1,0,1,0,1,-1,-1,-1,1,0,-1,-1,-1,-1,-1,-1,-1,1
4,1,4,64,1,1,0,0,0,0,0,0,0,23,0,0,0,0,0,16,0,48,0,0,0,0,1,1,-1,-1,-1,1,0,-1,-1,-1,-1,-1,-1,-1,1
2,2,1,24,0,0,0,0,0,0,0,0,0,0,0,0,0,0,0,23,0,1,1,0,0,1,0,1,-1,-1,-1,1,0,0.8214285714285714,0.8214285714285714,0.17857142857142858,0,1,0,0,0
2,2,1,19,0,0,0,0,0,0,0,0,0,0,0,0,0,0,0,18,0,1,1,0,0,1,0,1,-1,-1,1,1,0,0.2608695652173913,0.15942028985507245,0.8260869565217391,0,0,1,0,0
4,3,2,48,0,0,0,0,0,0,0,0,0,0,0,0,0,0,0,24,0,24,0,0,0,1,-1,1,-1,-1,-1,1,0,0.8970588235294118,0.6764705882352942,0.3235294117647059,0,1,0,1,0
6,2,1,66,5,0,0,0,0,0,0,0,0,0,0,0,0,0,0,25,0,41,0,0,0,0,0,-1,1,-1,-1,-1,0,-1,-1,-1,-1,-1,-1,-1,1
2,2,1,21,1,1,0,0,0,0,0,0,0,0,0,0,0,0,0,20,0,1,1,0,0,1,0,1,-1,-1,1,1,0,0.75,0.75,0.25,0,1,1,0,0
2,1,2,27,0,0,0,0,0,0,0,0,0,0,0,0,0,0,0,12,0,15,0,0,0,1,1,1,-1,-1,-1,1,0,-1,-1,-1,-1,-1,-1,-1,1
2,1,2,28,0,0,0,0,0,0,0,0,0,0,0,0,0,0,0,13,0,15,0,0,0,1,1,1,-1,-1,-1,1,0,-1,-1,-1,-1,-1,-1,-1,1
2,2,2,19,0,0,0,0,0,0,0,0,0,0,0,0,0,0,0,15,0,4,1,0,0,1,0,-1,-1,-1,-1,-1,0,-1,-1,-1,-1,-1,-1,-1,0
2,2,1,21,0,0,0,0,0,0,0,0,0,0,0,0,0,0,0,20,0,1,1,0,0,1,0,1,-1,-1,-1,1,0,0.9512195121951219,0.9512195121951219,0.04878048780487805,0,1,-1,1,0
2,2,1,21,0,0,0,0,0,0,0,0,0,0,0,0,0,0,0,20,0,1,1,0,0,1,0,1,-1,-1,-1,1,1,0.9382716049382716,0.9382716049382716,0.06172839506172839,0,1,-1,-1,0
5,1,3,66,0,0,0,0,2,0,1,0,0,1,0,0,0,0,0,21,22,45,0,0,0,0,1,1,-1,-1,-1,1,0,-1,-1,-1,-1,-1,-1,-1,1
2,2,1,31,0,0,0,0,0,0,0,0,0,0,0,0,0,0,0,30,0,1,1,0,0,1,0,1,-1,-1,-1,1,0,0.8614457831325302,0.7168674698795181,0.24096385542168675,0,0,-1,0,0
6,3,2,45,0,0,0,0,0,0,0,0,0,0,0,0,0,0,0,27,0,18,0,0,0,1,-1,1,-1,-1,-1,1,0,0.9666666666666667,0.9666666666666667,0.03333333333333333,0,1,0,0,1
4,1,4,66,0,0,0,0,0,0,0,0,0,14,0,0,0,0,0,10,0,56,0,0,0,0,1,1,-1,-1,-1,1,0,-1,-1,-1,-1,-1,-1,-1,1
5,2,1,66,7,5,0,0,0,0,0,0,0,0,0,0,0,0,0,49,0,17,0,2,0,0,0,1,-1,-1,-1,1,0,-1,-1,-1,-1,-1,-1,-1,1
7,2,4,66,2,1,0,0,0,0,1,0,0,1,0,0,0,0,0,21,9,45,0,1,0,0,0,1,-1,-1,-1,1,0,-1,-1,-1,-1,-1,-1,-1,1
2,2,1,11,0,0,0,0,0,0,0,0,0,0,0,0,0,0,0,10,0,1,1,0,0,1,0,1,-1,-1,-1,1,1,0.89,0.19,0.81,0,-1,1,0,0
2,2,0,18,0,0,0,0,0,0,0,0,0,0,0,0,1,0,0,18,0,0,0,0,0,1,0,1,-1,-1,-1,1,0,-1,-1,-1,-1,-1,-1,-1,1
1,1,1,9,0,0,0,0,0,0,0,0,0,0,0,0,0,0,0,8,0,1,1,0,0,1,1,1,-1,-1,-1,1,0,0.2916666666666667,0.06547619047619048,0.9226190476190477,0,-1,1,0,0
2,2,1,11,0,0,0,0,0,0,0,0,0,0,0,0,0,0,0,10,0,1,1,0,0,1,0,1,-1,-1,-1,1,1,0.2222222222222222,0.2222222222222222,0.7777777777777778,0,1,1,1,0
6,3,2,51,0,0,0,0,0,0,0,0,0,2,0,0,0,0,0,34,0,17,0,1,0,1,-1,1,-1,-1,-1,1,0,-1,-1,-1,-1,-1,-1,-1,1
4,1,3,58,0,0,0,0,0,0,0,0,0,21,0,0,0,0,0,16,0,42,0,0,0,0,1,1,-1,-1,-1,1,0,-1,-1,-1,-1,-1,-1,-1,1
6,1,2,56,0,0,0,0,0,0,1,1,0,11,0,0,0,0,0,15,25,41,0,0,0,0,1,1,-1,-1,-1,1,0,-1,-1,-1,-1,-1,-1,-1,1
2,2,1,18,0,0,0,0,0,0,0,0,0,0,0,0,1,0,0,17,0,1,1,0,0,1,0,1,-1,-1,-1,1,0,0.6666666666666666,0.6666666666666666,0.3333333333333333,0,1,1,1,0
2,2,5,59,2,0,0,0,0,0,0,0,0,0,0,0,0,0,0,21,0,38,1,0,0,0,0,1,-1,-1,-1,1,0,0.7714285714285715,0.7714285714285715,0.22857142857142856,0,0,-1,0,0
9,5,2,55,0,0,0,0,0,0,0,0,0,1,0,0,0,0,0,35,0,20,0,2,0,0,-1,1,-1,-1,-1,1,0,-1,-1,-1,-1,-1,-1,-1,1
3,2,2,31,0,0,0,0,0,0,1,0,0,4,0,0,0,0,0,11,7,20,0,0,0,1,0,1,-1,-1,-1,1,0,-1,-1,-1,-1,-1,-1,-1,0
4,1,5,66,0,0,0,0,0,0,0,0,0,0,0,0,0,0,0,20,0,46,0,0,0,0,1,1,-1,-1,-1,1,0,1.0,1.0,0.0,0,1,0,1,1
2,2,2,27,0,0,0,0,0,0,0,0,0,0,0,0,0,0,0,15,0,12,1,0,0,1,0,1,-1,-1,-1,1,1,0.935,0.655,0.345,0,-1,-1,0,0
4,1,4,66,1,0,0,0,0,0,0,0,0,7,0,0,0,0,0,23,0,43,0,0,0,0,1,1,-1,-1,-1,1,0,0.9259259259259259,0.9259259259259259,0.07407407407407407,0,1,0,0,1
1,1,2,32,0,0,0,0,0,0,0,0,0,0,0,0,0,0,0,25,0,7,1,0,0,1,1,1,-1,-1,-1,1,0,0.6153846153846154,0.6153846153846154,0.38461538461538464,0,1,1,0,1
4,1,2,54,0,0,0,0,0,0,0,0,0,19,0,0,0,0,0,14,0,40,0,0,0,0,1,1,-1,-1,-1,1,0,-1,-1,-1,-1,-1,-1,-1,1
5,2,1,66,2,2,0,0,3,0,0,0,0,0,0,0,0,0,0,31,0,35,0,0,0,0,0,1,-1,-1,-1,1,0,1.0,0.0,1.0,1,1,1,1,1
3,2,1,31,1,1,0,0,0,0,0,0,0,3,0,0,0,0,0,21,0,10,0,0,0,1,0,1,-1,-1,-1,1,0,-1,-1,-1,-1,-1,-1,-1,1
1,1,1,16,0,0,0,0,0,0,0,0,0,0,0,0,0,0,0,15,0,1,1,0,0,1,1,1,-1,-1,-1,1,0,-1,-1,-1,-1,-1,-1,-1,0
2,2,1,37,0,0,0,0,0,0,0,0,0,0,0,0,1,0,0,36,0,1,1,1,0,1,0,1,-1,-1,-1,1,0,-1,-1,-1,-1,-1,-1,-1,1
2,2,1,20,0,0,0,0,0,0,0,0,0,0,0,0,0,0,0,19,0,1,1,0,0,1,0,1,-1,-1,-1,1,0,0.8,0.8,0.2,0,1,1,1,0
3,3,1,16,0,0,0,0,0,0,0,0,0,0,0,0,0,0,0,15,0,1,1,0,0,1,-1,1,-1,-1,-1,1,1,0.9712230215827338,0.9028776978417267,0.08992805755395683,0,1,-1,0,0
1,1,1,14,0,0,0,0,0,0,0,0,0,0,0,0,0,0,0,13,0,1,1,0,0,1,1,1,-1,-1,-1,1,0,-1,-1,-1,-1,-1,-1,-1,0
3,3,1,27,0,0,0,0,0,0,0,0,0,1,0,0,0,0,0,26,0,1,1,0,0,1,-1,-1,-1,-1,-1,-1,0,-1,-1,-1,-1,-1,-1,-1,0
2,2,1,25,3,3,0,0,0,0,0,0,0,0,0,0,0,0,0,24,0,1,1,0,0,1,0,1,-1,-1,-1,1,0,0.3225806451612903,0.3225806451612903,0.6774193548387096,0,1,1,1,0
1,1,2,24,0,0,0,0,0,0,0,0,0,3,0,0,0,0,0,16,0,8,1,0,0,1,1,1,-1,-1,-1,1,0,-1,-1,-1,-1,-1,-1,-1,1
2,2,1,18,0,0,0,0,0,0,0,0,0,0,0,0,0,0,0,17,0,1,1,0,0,1,0,1,-1,-1,1,1,1,0.7592592592592593,0.7592592592592593,0.24074074074074073,0,1,0,1,0
6,2,3,42,0,0,0,0,0,0,0,0,0,0,0,0,0,0,0,19,0,23,0,0,0,1,0,1,-1,-1,-1,1,0,-1,-1,-1,-1,-1,-1,-1,1
2,2,1,16,0,0,0,0,0,0,0,0,0,0,0,0,0,0,0,15,0,1,1,0,0,1,0,1,-1,-1,-1,1,0,-1,-1,-1,-1,-1,-1,-1,0
1,1,1,18,0,0,0,0,0,0,0,0,0,0,0,0,0,0,0,17,0,1,1,0,0,1,1,1,-1,-1,-1,1,1,0.9473684210526315,0.05263157894736842,0.9473684210526315,0,1,1,0,0
2,2,1,18,0,0,0,0,0,0,0,0,0,0,0,0,0,0,0,17,0,1,1,0,0,1,0,-1,1,-1,-1,-1,0,-1,-1,-1,-1,-1,-1,-1,0
2,2,1,23,0,0,0,0,0,0,0,0,0,0,0,0,0,0,0,22,0,1,1,0,0,1,0,1,-1,-1,-1,1,0,0.16666666666666666,0.16666666666666666,0.8333333333333334,0,0,1,0,0
3,2,1,24,0,0,0,0,0,0,0,0,0,0,0,0,0,0,0,16,0,8,0,0,0,1,0,1,-1,-1,-1,1,0,-1,-1,-1,-1,-1,-1,-1,1
6,2,3,66,0,0,0,0,0,0,0,0,0,19,0,0,0,0,0,18,0,48,0,1,0,0,0,1,-1,-1,-1,1,0,-1,-1,-1,-1,-1,-1,-1,1
5,1,3,66,0,0,0,0,1,4,0,0,0,8,0,0,0,0,0,15,0,51,0,0,0,0,1,1,-1,-1,-1,1,0,-1,-1,-1,-1,-1,-1,-1,1
3,3,1,30,2,2,0,0,0,0,0,0,0,0,0,0,0,0,0,29,0,1,1,0,0,1,-1,1,-1,-1,-1,1,1,0.7387173396674585,0.6460807600950119,0.35391923990498814,0,-1,-1,1,0
2,2,1,30,0,0,0,0,0,0,0,0,0,0,0,0,0,0,0,29,0,1,1,0,0,1,0,1,-1,-1,-1,1,0,0.9917355371900827,0.9917355371900827,0.008264462809917356,0,1,-1,0,0
2,2,1,15,0,0,0,0,0,0,0,0,0,0,0,0,0,0,0,14,0,1,1,0,0,1,0,1,-1,-1,-1,1,0,1.0,1.0,0.0,0,1,1,0,0
2,2,1,16,0,0,0,0,0,0,0,0,0,0,0,0,0,0,0,15,0,1,1,0,0,1,0,1,-1,-1,-1,1,0,1.0,0.0,1.0,0,1,1,1,0
3,3,3,34,0,0,0,0,0,0,0,0,0,4,0,0,0,0,0,16,0,18,1,0,0,1,-1,1,-1,-1,-1,1,0,1.0,1.0,0.0,0,1,1,1,0
3,3,2,29,0,0,0,0,0,0,0,0,0,0,0,0,0,0,0,21,0,8,1,0,0,1,-1,1,-1,-1,-1,1,0,-1,-1,-1,-1,-1,-1,-1,1
6,2,2,51,1,0,0,0,0,0,0,0,0,0,0,0,0,0,0,25,0,26,0,0,0,1,0,1,-1,-1,-1,1,0,-1,-1,-1,-1,-1,-1,-1,1
2,2,1,23,0,0,0,0,0,0,0,0,0,0,0,0,0,0,0,22,0,1,1,0,0,1,0,1,-1,-1,-1,1,1,0.9744525547445255,0.9744525547445255,0.021897810218978103,0,1,-1,0,0
1,1,1,15,0,0,0,0,0,0,0,0,0,0,0,0,0,0,0,14,0,1,1,0,0,1,1,-1,-1,-1,-1,-1,0,-1,-1,-1,-1,-1,-1,-1,0
3,3,1,22,0,0,0,0,0,0,0,0,0,1,0,0,0,0,0,21,0,1,1,0,0,1,-1,1,-1,-1,-1,1,0,-1,-1,-1,-1,-1,-1,-1,1
2,1,3,34,0,0,0,0,0,0,0,0,0,0,0,0,0,0,0,14,0,20,0,0,0,1,1,1,-1,-1,-1,1,0,-1,-1,-1,-1,-1,-1,-1,1
4,2,2,36,0,0,0,0,1,0,0,0,0,0,0,0,0,0,0,16,0,20,0,0,0,1,0,1,-1,-1,-1,1,1,0.8064375815571988,0.1339712918660287,0.8586341887777295,0,-1,-1,-1,0
4,4,1,33,2,2,0,0,0,0,0,0,0,0,0,0,0,0,0,32,0,1,1,0,0,1,-1,1,-1,-1,-1,1,0,0.9655172413793104,0.9655172413793104,0.034482758620689655,0,1,0,1,0
5,1,1,66,3,2,0,0,1,0,1,1,0,1,0,0,0,0,0,15,35,51,0,2,0,0,1,1,-1,-1,-1,1,0,-1,-1,-1,-1,-1,-1,-1,1
5,1,3,43,0,0,0,0,0,0,0,0,0,2,0,0,0,0,0,18,0,25,0,0,0,1,1,1,-1,-1,-1,1,0,-1,-1,-1,-1,-1,-1,-1,1
2,2,1,23,0,0,0,0,0,0,0,0,0,0,0,0,0,0,0,22,0,1,1,0,0,1,0,1,-1,-1,-1,1,0,0.9629629629629629,0.07912457912457913,0.9208754208754208,0,-1,0,-1,0
2,2,1,18,0,0,0,0,0,0,0,0,0,0,0,0,0,0,0,17,0,1,1,0,0,1,0,1,-1,-1,-1,1,0,-1,-1,-1,-1,-1,-1,-1,0
3,2,2,37,0,0,0,0,0,0,0,0,0,4,0,0,0,0,0,17,0,20,0,0,0,1,0,1,-1,-1,-1,1,0,-1,-1,-1,-1,-1,-1,-1,1
9,2,5,66,0,0,0,0,0,0,0,0,0,0,0,0,0,0,0,10,0,56,0,2,0,0,0,1,-1,-1,-1,1,0,-1,-1,-1,-1,-1,-1,-1,1
8,4,4,61,1,1,0,0,0,0,0,0,0,0,0,0,0,0,0,31,0,30,0,4,0,0,-1,1,-1,-1,-1,1,0,-1,-1,-1,-1,-1,-1,-1,1
5,1,1,43,0,0,0,0,0,0,0,0,0,8,0,0,0,0,0,18,0,25,0,0,0,1,1,1,-1,-1,-1,1,1,0.9411764705882353,0.7843137254901961,0.19607843137254902,0,1,0,0,1
6,2,5,54,1,1,0,1,0,0,0,0,0,0,0,0,0,0,0,18,0,36,0,0,0,0,0,1,-1,-1,-1,1,0,-1,-1,-1,-1,-1,-1,-1,1
2,1,3,36,1,0,0,0,0,0,0,0,0,0,0,0,0,0,0,10,0,26,0,0,0,1,1,1,-1,-1,-1,1,0,-1,-1,-1,-1,-1,-1,-1,1
2,2,3,31,0,0,0,0,0,0,0,0,0,1,0,0,0,0,0,17,0,14,1,0,0,1,0,1,-1,-1,-1,1,0,1.0,1.0,0.0,1,1,1,1,0
2,2,1,22,0,0,0,0,0,0,0,0,0,0,0,0,0,0,0,21,0,1,1,0,0,1,0,1,-1,-1,-1,1,0,-1,-1,-1,-1,-1,-1,-1,0
2,2,4,39,0,0,0,0,0,0,0,0,0,3,0,0,0,0,0,14,0,25,0,0,0,1,0,1,-1,-1,-1,1,0,0.8492462311557789,0.8291457286432161,0.12060301507537688,0,1,-1,0,0
2,1,2,34,0,0,0,0,0,0,0,0,0,0,0,0,0,0,0,18,0,16,0,0,0,1,1,1,-1,-1,-1,1,0,-1,-1,-1,-1,-1,-1,-1,1
1,1,3,30,1,1,0,0,0,0,0,0,0,0,0,0,0,0,0,18,0,12,1,0,0,1,1,1,-1,-1,-1,1,0,-1,-1,-1,-1,-1,-1,-1,1
2,1,1,23,0,0,0,0,0,0,0,0,0,1,0,0,0,0,0,13,0,10,0,0,0,1,1,-1,-1,-1,-1,-1,0,-1,-1,-1,-1,-1,-1,-1,1
1,1,4,37,1,1,0,0,0,0,0,0,0,0,0,0,0,0,0,22,0,15,1,0,0,1,1,1,-1,-1,-1,1,0,1.0,1.0,0.0,0,1,1,0,1
2,2,2,23,0,0,0,0,0,0,0,0,0,2,1,0,0,0,0,19,0,4,1,0,0,1,0,-1,-1,-1,-1,-1,0,-1,-1,-1,-1,-1,-1,-1,1
2,2,1,21,0,0,0,0,0,0,0,0,0,0,0,0,0,0,0,20,0,1,1,0,0,1,0,1,-1,-1,-1,1,0,0.9111111111111111,0.06666666666666667,0.9333333333333333,0,0,1,0,0
2,2,1,21,0,0,0,0,0,0,0,0,0,0,0,0,0,0,0,20,0,1,1,0,0,1,0,1,-1,-1,-1,1,0,0.9640831758034026,0.003780718336483932,0.9886578449905482,0,-1,1,0,0
1,1,2,21,0,0,0,0,0,0,0,0,0,0,0,0,0,0,0,13,0,8,1,1,0,1,1,1,-1,-1,-1,1,0,-1,-1,-1,-1,-1,-1,-1,1
2,2,1,14,0,0,0,0,0,0,0,0,0,0,0,0,0,0,0,13,0,1,1,0,0,1,0,1,-1,-1,-1,1,0,0.37735849056603776,0.33962264150943394,0.6415094339622641,0,0,1,0,0
4,1,2,66,0,0,0,0,0,0,0,0,0,20,0,0,0,0,0,21,0,45,0,0,0,0,1,1,-1,-1,-1,1,0,-1,-1,-1,-1,-1,-1,-1,1
1,1,1,20,0,0,0,0,0,0,0,0,0,0,0,0,0,0,0,19,0,1,1,0,0,1,1,1,-1,-1,-1,1,0,1.0,1.0,0.0,0,1,1,0,0
5,2,3,65,0,0,0,0,1,0,0,0,0,5,1,0,0,0,0,15,0,50,0,0,0,0,0,1,-1,-1,-1,1,0,1.0,0.5,0.5,0,1,1,1,1
7,2,4,58,0,0,0,0,0,0,0,0,0,0,0,0,0,0,0,17,0,41,0,1,0,0,0,1,-1,-1,-1,1,0,-1,-1,-1,-1,-1,-1,-1,1
1,1,1,21,0,0,0,0,0,0,0,0,0,0,0,0,0,0,0,20,0,1,1,0,0,1,1,1,-1,-1,-1,1,0,0.9903381642512077,0.9710144927536232,0.024154589371980676,0,1,-1,0,0
4,3,1,34,0,0,0,0,0,0,0,0,0,1,0,0,0,0,0,22,0,12,0,0,0,1,-1,1,-1,-1,-1,1,0,0.8,0.8,0.2,0,1,1,0,1
6,3,4,54,1,0,0,0,0,0,0,0,0,0,0,0,0,0,0,24,0,30,0,0,0,0,-1,1,-1,-1,-1,1,0,-1,-1,-1,-1,-1,-1,-1,1
4,1,5,66,1,0,0,0,1,0,0,0,0,1,0,0,0,0,0,11,0,55,0,0,0,0,1,1,-1,-1,-1,1,0,0.6981132075471698,0.6792452830188679,0.32075471698113206,0,1,0,0,1
4,1,3,48,0,0,0,0,0,0,0,0,0,5,1,0,0,0,0,24,0,24,0,0,0,1,1,-1,-1,-1,-1,-1,0,-1,-1,-1,-1,-1,-1,-1,1
4,1,3,58,0,0,0,0,0,0,0,0,0,20,0,0,0,0,0,15,0,43,0,0,0,0,1,1,-1,-1,-1,1,0,-1,-1,-1,-1,-1,-1,-1,1
5,2,6,66,0,0,0,0,0,0,0,0,0,0,0,0,0,0,0,21,0,45,0,0,0,0,0,1,-1,-1,-1,1,0,-1,-1,-1,-1,-1,-1,-1,1
2,2,1,20,0,0,0,0,0,0,0,0,0,0,0,0,0,0,0,19,0,1,1,0,0,1,0,1,-1,-1,-1,1,1,0.9245283018867925,0.18867924528301888,0.8113207547169812,0,0,1,0,0
2,2,1,22,0,0,0,0,0,0,0,0,0,0,0,0,0,0,0,21,0,1,1,0,0,1,0,1,-1,-1,-1,1,0,0.02,0.02,0.98,0,-1,1,1,0
2,2,1,14,1,1,0,0,0,0,0,0,0,0,0,0,0,0,0,13,0,1,1,0,0,1,0,1,-1,-1,-1,1,1,0.8976377952755905,0.8503937007874016,0.14960629921259844,0,1,-1,0,0
3,3,1,17,0,0,0,0,0,0,0,0,0,0,0,0,0,0,0,16,0,1,1,0,0,1,-1,1,-1,-1,-1,1,1,0.4878048780487805,0.34146341463414637,0.6585365853658537,0,1,1,1,0
2,2,1,26,0,0,0,0,0,0,0,0,0,0,0,0,0,0,0,25,0,1,1,0,0,1,0,1,-1,-1,-1,1,0,0.5217391304347826,0.5217391304347826,0.4782608695652174,0,1,1,1,0
6,2,3,60,1,0,0,0,0,0,0,0,0,1,0,0,0,0,0,22,0,38,0,0,0,0,0,1,-1,-1,-1,1,0,-1,-1,-1,-1,-1,-1,-1,1
6,2,3,42,0,0,0,0,0,0,0,0,0,0,0,0,1,0,0,18,0,24,0,0,0,1,0,1,-1,-1,-1,1,0,0.9814814814814815,0.018518518518518517,0.9814814814814815,0,0,1,0,1
5,2,8,61,1,1,0,0,0,0,0,0,0,0,0,0,0,0,0,16,0,45,0,0,0,0,0,1,-1,-1,-1,1,0,-1,-1,-1,-1,-1,-1,-1,1
2,2,1,18,0,0,0,0,0,0,0,0,0,0,0,0,0,0,0,17,0,1,1,0,0,1,0,1,-1,-1,1,1,0,0.6764705882352942,0.6764705882352942,0.3235294117647059,0,1,0,0,0
1,1,1,31,2,1,0,0,0,0,0,0,0,0,0,0,0,0,0,21,0,10,0,1,0,1,1,1,-1,-1,-1,1,0,-1,-1,-1,-1,-1,-1,-1,1
2,2,1,23,0,0,0,0,0,0,0,0,0,0,0,0,0,0,0,22,0,1,1,0,0,1,0,1,-1,-1,-1,1,1,0.5609756097560976,0.5609756097560976,0.43902439024390244,0,1,0,0,0
3,2,3,38,0,0,0,0,0,0,0,0,0,0,0,0,0,0,0,11,0,27,0,1,0,1,0,1,-1,-1,-1,1,0,-1,-1,-1,-1,-1,-1,-1,1
2,2,1,14,0,0,0,0,0,0,0,0,0,0,0,0,0,0,0,13,0,1,1,0,0,1,0,1,-1,-1,-1,1,1,0.9584775086505191,0.8996539792387543,0.08650519031141868,0,1,-1,0,0
3,2,1,31,0,0,0,0,0,0,0,0,0,0,0,0,0,0,0,19,0,12,0,0,0,1,0,1,-1,-1,-1,1,0,-1,-1,-1,-1,-1,-1,-1,1
2,2,4,37,0,0,0,0,0,0,0,0,0,0,0,0,0,0,0,18,0,19,1,0,0,1,0,1,-1,-1,-1,1,0,-1,-1,-1,-1,-1,-1,-1,1
5,2,5,66,0,0,0,0,0,0,0,0,0,19,0,0,0,0,0,10,0,56,0,0,0,0,0,1,-1,-1,-1,1,0,-1,-1,-1,-1,-1,-1,-1,1
6,3,4,56,1,0,0,0,0,0,0,0,0,0,0,0,0,0,0,28,0,28,0,0,0,0,-1,1,-1,-1,-1,1,0,1.0,0.0,1.0,0,1,1,1,1
3,3,1,24,0,0,0,0,0,0,0,0,0,0,0,0,0,0,0,23,0,1,1,0,0,1,-1,1,-1,-1,1,1,1,0.8679245283018868,0.8679245283018868,0.1320754716981132,0,1,0,0,0
1,1,2,23,0,0,0,0,0,0,0,0,0,2,0,0,0,0,0,11,0,12,0,0,0,1,1,1,-1,-1,-1,1,0,0.7243589743589743,0.01282051282051282,0.9871794871794872,0,-1,1,0,1
2,2,1,24,0,0,0,0,0,0,0,0,0,0,0,0,0,0,0,23,0,1,1,0,0,1,0,1,-1,-1,-1,1,1,0.21428571428571427,0.21428571428571427,0.7857142857142857,0,1,1,0,0
2,2,1,17,0,0,0,0,0,0,0,0,0,2,0,0,0,0,0,16,0,1,1,0,0,1,0,1,-1,-1,1,1,0,0.10344827586206896,0.0,0.993103448275862,0,-1,1,1,0
9,6,0,66,3,3,0,0,0,0,0,0,0,0,0,0,0,0,0,66,0,0,0,0,0,0,-1,-1,-1,-1,-1,-1,0,-1,-1,-1,-1,-1,-1,-1,1
2,2,1,23,0,0,0,0,0,0,0,0,0,0,0,0,0,0,0,22,0,1,1,0,0,1,0,1,-1,-1,-1,1,1,0.8850574712643678,0.27586206896551724,0.7241379310344828,0,0,0,0,0
2,2,1,26,0,0,0,0,0,0,0,0,0,0,0,0,0,0,0,25,0,1,1,0,0,1,0,1,-1,-1,-1,1,0,0.9545454545454546,0.030303030303030304,0.9696969696969697,0,0,1,0,0
2,2,1,28,0,0,0,0,0,0,0,0,0,0,0,0,0,0,0,27,0,1,1,0,0,1,0,-1,-1,-1,-1,-1,0,-1,-1,-1,-1,-1,-1,-1,0
5,2,2,66,2,2,0,0,0,0,0,0,0,4,0,0,0,0,0,37,0,29,0,0,0,0,0,1,-1,-1,-1,1,0,0.972972972972973,0.13513513513513514,0.8648648648648649,0,0,1,0,1
2,2,1,21,0,0,0,0,0,0,0,0,0,0,0,0,0,0,0,20,0,1,1,0,0,1,0,1,-1,-1,-1,1,0,0.992831541218638,0.8028673835125448,0.1971326164874552,0,0,-1,0,0
6,2,2,66,0,0,0,0,1,0,1,0,0,0,0,0,0,0,0,21,17,45,0,0,0,0,0,1,-1,-1,-1,1,0,0.5,0.0,1.0,0,1,1,1,1
4,1,7,66,4,0,0,0,0,0,0,0,0,12,0,0,0,0,0,14,0,52,0,0,0,0,1,1,-1,-1,-1,1,0,-1,-1,-1,-1,-1,-1,-1,1
3,2,3,36,0,0,0,0,0,0,0,0,0,0,0,0,0,0,0,14,0,22,0,0,0,1,0,1,-1,-1,-1,1,0,-1,-1,-1,-1,-1,-1,-1,1
2,2,1,22,0,0,0,0,0,0,0,0,0,0,0,0,1,0,0,21,0,1,1,0,0,1,0,1,-1,-1,-1,1,0,0.07142857142857142,0.07142857142857142,0.9285714285714286,0,1,1,0,0
6,1,4,66,0,0,0,0,0,1,1,0,0,7,0,0,0,0,0,17,12,49,0,0,0,0,1,1,-1,-1,-1,1,0,-1,-1,-1,-1,-1,-1,-1,1
5,4,2,44,0,0,0,1,0,0,0,0,0,0,0,0,0,0,0,25,0,19,0,0,0,1,-1,1,-1,-1,-1,1,0,-1,-1,-1,-1,-1,-1,-1,0
7,1,4,62,1,1,0,0,0,1,0,0,0,2,0,0,0,0,0,12,0,50,0,1,0,0,1,1,-1,-1,-1,1,0,0.8181818181818182,0.8181818181818182,0.18181818181818182,0,1,1,0,1
1,1,1,20,0,0,0,0,0,0,0,0,0,0,0,0,0,0,0,19,0,1,1,0,0,1,1,1,-1,-1,-1,1,0,0.96875,0.0625,0.9375,0,1,1,0,0
5,2,1,60,1,1,0,0,1,0,0,0,0,10,0,0,0,0,0,35,0,25,0,0,0,0,0,-1,1,-1,-1,-1,0,-1,-1,-1,-1,-1,-1,-1,1
8,2,2,50,0,0,0,0,0,0,0,0,0,0,0,0,0,0,0,17,0,33,0,0,0,1,0,1,-1,-1,-1,1,0,-1,-1,-1,-1,-1,-1,-1,1
9,5,4,56,0,0,0,0,0,0,0,0,0,0,0,0,0,0,0,26,0,30,0,2,0,0,-1,1,-1,-1,-1,1,0,-1,-1,-1,-1,-1,-1,-1,1
3,3,1,18,0,0,0,0,0,0,0,0,0,0,0,0,0,0,0,17,0,1,1,0,0,1,-1,1,-1,-1,-1,1,0,0.8529411764705882,0.8529411764705882,0.058823529411764705,0,1,0,0,0
4,1,3,64,0,0,0,0,0,0,0,0,0,19,0,0,0,0,0,13,0,51,0,0,0,0,1,1,-1,-1,-1,1,0,-1,-1,-1,-1,-1,-1,-1,1
3,3,3,35,0,0,0,0,0,0,0,0,0,0,0,0,0,0,0,25,0,10,1,0,0,1,-1,1,-1,-1,-1,1,0,1.0,1.0,0.0,0,1,1,1,1
2,1,4,33,0,0,0,0,0,0,0,0,0,0,0,0,0,0,0,9,0,24,0,0,0,1,1,1,-1,-1,-1,1,0,1.0,1.0,0.0,0,1,1,1,1
2,2,1,25,0,0,0,0,0,0,0,0,0,0,0,0,0,0,0,24,0,1,1,0,0,1,0,1,-1,-1,-1,1,0,0.7794117647058824,0.0,1.0,0,-1,1,0,0
2,1,2,26,0,0,0,0,0,0,0,0,0,0,0,0,0,0,0,12,0,14,0,0,0,1,1,1,-1,-1,-1,1,0,-1,-1,-1,-1,-1,-1,-1,1
2,2,1,16,0,0,0,0,0,0,0,0,0,0,0,0,0,0,0,15,0,1,1,0,0,1,0,1,-1,-1,-1,1,0,0.9666666666666667,0.6333333333333333,0.36666666666666664,0,1,1,0,0
2,2,1,29,0,0,0,0,0,0,0,0,0,0,0,0,0,0,0,28,0,1,1,0,0,1,0,1,-1,-1,-1,1,0,-1,-1,-1,-1,-1,-1,-1,0
3,2,3,40,0,0,0,0,0,0,0,0,0,0,0,0,0,0,0,13,0,27,0,0,0,1,0,1,-1,-1,-1,1,0,-1,-1,-1,-1,-1,-1,-1,0
1,1,2,28,0,0,0,0,0,0,0,0,0,0,0,0,0,0,0,16,0,12,1,0,0,1,1,1,-1,-1,-1,1,0,-1,-1,-1,-1,-1,-1,-1,1
3,3,1,25,1,1,0,0,0,0,0,0,0,0,0,0,0,0,0,24,0,1,1,0,0,1,-1,1,-1,-1,-1,1,0,0.02127659574468085,0.02127659574468085,0.9787234042553191,0,0,1,1,0
5,2,3,66,1,0,0,0,0,0,0,0,0,22,0,0,0,0,0,10,0,56,0,0,0,0,0,1,-1,-1,-1,1,0,-1,-1,-1,-1,-1,-1,-1,1
7,3,3,56,0,0,0,0,0,0,0,0,0,0,0,0,0,0,0,28,0,28,0,0,0,0,-1,1,-1,-1,-1,1,0,-1,-1,-1,-1,-1,-1,-1,1
2,2,1,17,0,0,0,0,0,0,0,0,0,0,0,0,0,0,0,16,0,1,1,0,0,1,0,1,-1,-1,-1,1,0,0.9565217391304348,0.5362318840579711,0.4492753623188406,0,0,0,0,0
3,3,1,21,0,0,0,0,0,0,0,0,0,0,0,0,0,0,0,20,0,1,1,0,0,1,-1,1,-1,-1,-1,1,0,0.7222222222222222,0.7222222222222222,0.2777777777777778,0,1,0,1,0
5,1,3,66,0,0,0,0,0,0,1,0,0,2,0,0,0,0,0,19,22,47,0,0,0,0,1,1,-1,-1,-1,1,0,-1,-1,-1,-1,-1,-1,-1,1
6,2,4,66,0,0,0,0,0,0,0,0,0,0,0,0,0,0,0,19,0,47,0,0,0,0,0,1,-1,-1,-1,1,0,0.0,0.0,1.0,0,1,1,1,1
2,1,3,29,0,0,0,0,0,0,0,0,0,0,0,0,0,0,0,10,0,19,1,2,0,1,1,1,-1,-1,-1,1,0,-1,-1,-1,-1,-1,-1,-1,1
6,3,2,44,0,0,0,0,0,0,0,0,0,0,0,0,0,0,0,26,0,18,0,0,0,1,-1,1,-1,-1,-1,1,0,0.0,0.0,1.0,0,1,1,1,1
3,2,1,26,0,0,0,0,0,0,0,0,0,9,0,0,0,0,0,18,0,8,0,0,0,1,0,1,-1,-1,-1,1,0,-1,-1,-1,-1,-1,-1,-1,1
2,2,1,26,0,0,0,0,0,0,0,0,0,0,0,0,0,0,0,25,0,1,1,0,0,1,0,1,-1,-1,-1,1,0,0.9117647058823529,0.28431372549019607,0.7156862745098039,0,-1,0,0,0
2,2,1,29,0,0,0,0,0,0,0,0,0,0,0,0,0,0,0,28,0,1,1,0,0,1,0,1,-1,-1,-1,1,0,0.011594202898550725,0.011594202898550725,0.9884057971014493,0,-1,1,1,0
4,1,5,61,0,0,0,0,0,0,0,0,0,0,0,0,0,0,0,15,0,46,0,0,0,0,1,1,-1,-1,-1,1,0,-1,-1,-1,-1,-1,-1,-1,1
3,2,2,37,0,0,0,0,0,0,0,0,0,0,0,0,0,0,0,19,0,18,0,0,0,1,0,1,-1,-1,-1,1,0,0.8333333333333334,0.6666666666666666,0.3333333333333333,0,1,1,0,1
2,2,1,29,0,0,0,0,0,0,0,0,0,0,0,0,0,0,0,28,0,1,1,0,0,1,0,1,-1,-1,-1,1,0,0.5,0.5,0.5,0,1,1,1,0
3,2,1,30,1,0,0,0,0,0,0,0,0,0,0,0,0,0,0,15,0,15,0,2,0,1,0,1,-1,-1,-1,1,0,-1,-1,-1,-1,-1,-1,-1,1
5,1,6,66,2,1,0,0,0,0,1,0,0,0,0,0,0,0,0,14,7,52,0,0,0,0,1,1,-1,-1,-1,1,0,-1,-1,-1,-1,-1,-1,-1,1
3,3,1,27,0,0,0,0,0,0,0,0,0,0,0,0,0,0,0,26,0,1,1,0,0,1,-1,-1,-1,-1,-1,-1,0,-1,-1,-1,-1,-1,-1,-1,0
3,3,2,33,0,0,0,0,0,0,0,0,0,4,0,0,0,0,0,13,0,20,0,0,0,1,-1,1,-1,-1,-1,1,0,-1,-1,-1,-1,-1,-1,-1,0
5,2,3,65,0,0,0,0,0,0,1,0,0,15,1,0,0,0,0,19,25,46,0,0,0,0,0,-1,-1,-1,-1,-1,0,-1,-1,-1,-1,-1,-1,-1,1
3,2,1,35,0,0,0,0,0,0,0,0,0,0,0,0,0,0,0,21,0,14,0,0,0,1,0,1,-1,-1,-1,1,0,-1,-1,-1,-1,-1,-1,-1,0
2,2,1,27,0,0,0,0,0,0,0,0,0,0,0,0,0,0,0,26,0,1,1,0,0,1,0,1,-1,-1,1,1,0,0.4696969696969697,0.4621212121212121,0.5378787878787878,0,-1,-1,0,0
2,2,2,27,0,0,0,1,0,0,0,0,0,0,0,0,0,0,0,18,0,9,1,0,0,1,0,1,-1,-1,-1,1,0,-1,-1,-1,-1,-1,-1,-1,0
2,2,1,25,0,0,0,0,0,0,0,0,0,0,0,0,0,0,0,24,0,1,1,0,0,1,0,1,-1,-1,1,1,0,0.9932432432432432,0.9527027027027027,0.0472972972972973,0,1,-1,-1,0
8,1,5,65,2,1,0,0,0,0,0,0,0,0,0,0,0,0,0,15,0,50,0,0,0,0,1,1,-1,-1,-1,1,0,-1,-1,-1,-1,-1,-1,-1,1
2,2,1,18,0,0,0,0,0,0,0,0,0,0,0,0,0,0,0,17,0,1,1,0,0,1,0,1,-1,-1,-1,1,1,0.8823529411764706,0.29411764705882354,0.6470588235294118,0,1,1,1,0
8,3,3,48,0,0,0,0,0,0,0,0,0,0,0,0,0,0,0,15,0,33,0,0,0,1,-1,-1,-1,-1,-1,-1,0,-1,-1,-1,-1,-1,-1,-1,1
2,2,1,18,0,0,0,0,0,0,0,0,0,0,0,0,0,0,0,17,0,1,1,0,0,1,0,1,-1,-1,-1,1,0,0.0,0.0,1.0,1,0,1,1,0
2,2,1,27,0,0,0,0,0,0,0,0,0,0,0,0,0,0,0,17,0,10,0,0,0,1,0,1,-1,-1,-1,1,1,0.9617021276595744,0.5446808510638298,0.4553191489361702,0,-1,-1,-1,0
2,2,1,21,0,0,0,0,0,0,0,0,0,0,0,0,0,0,0,20,0,1,1,0,0,1,0,1,-1,-1,-1,1,1,1.0,0.9666666666666667,0.03333333333333333,0,1,0,1,0
2,2,1,23,0,0,0,0,0,0,0,0,0,0,0,0,0,0,0,22,0,1,1,0,0,1,0,1,-1,-1,-1,1,0,0.9620253164556962,0.9240506329113924,0.05063291139240506,0,1,-1,0,0
1,1,1,17,0,0,0,0,0,0,0,0,0,0,0,0,0,0,0,16,0,1,1,0,0,1,1,1,-1,-1,-1,1,0,0.9736842105263158,0.9342105263157895,0.06578947368421052,0,1,-1,0,0
3,3,1,14,0,0,0,0,0,0,0,0,0,0,0,0,0,0,0,13,0,1,1,0,0,1,-1,1,-1,-1,-1,1,0,0.8421052631578947,0.8421052631578947,0.15789473684210525,0,1,1,1,0
5,2,4,65,0,0,0,1,0,0,0,0,0,30,1,0,0,0,0,15,0,50,0,0,0,0,0,1,-1,-1,-1,1,0,0.0,0.0,1.0,0,1,1,1,1
3,3,2,35,0,0,0,0,0,0,0,0,0,0,0,0,0,0,0,19,0,16,1,0,0,1,-1,1,-1,-1,-1,1,0,0.9125,0.9,0.0875,0,1,-1,0,1
2,2,3,29,0,0,0,0,0,0,0,0,0,0,0,0,0,0,0,11,0,18,1,0,0,1,0,1,-1,-1,-1,1,0,-1,-1,-1,-1,-1,-1,-1,1
6,2,3,51,0,0,0,0,0,0,0,0,0,0,0,0,0,0,0,23,0,28,0,0,0,1,0,1,-1,-1,-1,1,0,-1,-1,-1,-1,-1,-1,-1,1
6,3,6,66,0,0,0,0,0,0,0,0,0,7,0,0,0,0,0,27,0,39,0,0,0,0,-1,1,-1,-1,-1,1,0,-1,-1,-1,-1,-1,-1,-1,1
3,2,2,36,0,0,0,1,0,0,0,0,0,0,0,0,0,0,0,14,0,22,0,0,0,1,0,1,-1,-1,-1,1,0,0.8571428571428571,0.8571428571428571,0.14285714285714285,0,1,1,1,0
5,2,1,66,7,5,0,0,0,0,0,0,0,0,0,0,0,0,0,49,0,17,0,2,0,0,0,1,-1,-1,-1,1,0,-1,-1,-1,-1,-1,-1,-1,1
6,2,1,45,3,3,0,0,0,0,0,0,0,4,0,0,0,0,0,32,0,13,0,0,0,1,0,1,-1,-1,-1,1,0,-1,-1,-1,-1,-1,-1,-1,1
3,2,2,37,0,0,0,0,1,0,0,0,0,0,0,0,0,0,0,11,0,26,0,0,0,1,0,1,-1,-1,-1,1,0,0.21839080459770116,0.21839080459770116,0.764367816091954,0,-1,0,1,0
2,2,1,22,0,0,0,0,0,0,0,0,0,0,0,0,0,0,0,21,0,1,1,0,0,1,0,1,-1,-1,-1,1,1,0.9919678714859438,0.9759036144578314,0.020080321285140562,0,1,-1,0,0
2,2,1,28,0,0,0,0,0,0,0,0,0,0,0,0,0,0,0,27,0,1,1,0,0,1,0,1,-1,-1,-1,1,0,0.9761904761904762,0.9761904761904762,0.023809523809523808,0,1,0,1,0
5,2,4,66,1,0,0,0,0,0,1,0,0,0,0,0,0,0,0,19,3,47,0,0,0,0,0,1,-1,-1,-1,1,0,-1,-1,-1,-1,-1,-1,-1,1
4,1,4,56,0,0,0,0,0,0,0,0,0,0,0,0,0,0,0,35,0,21,0,0,0,0,1,1,-1,-1,-1,1,0,-1,-1,-1,-1,-1,-1,-1,1
8,2,3,56,0,0,0,0,0,0,0,0,0,0,0,0,0,0,0,17,0,39,0,1,0,0,0,1,-1,-1,-1,1,0,-1,-1,-1,-1,-1,-1,-1,1
5,2,3,66,1,1,0,0,0,0,0,0,0,20,0,0,0,0,0,28,0,38,0,0,0,0,0,1,-1,-1,-1,1,0,-1,-1,-1,-1,-1,-1,-1,1
5,2,2,66,0,0,0,0,0,0,0,0,0,0,0,0,0,0,0,28,0,38,0,1,0,0,0,1,-1,-1,-1,1,0,-1,-1,-1,-1,-1,-1,-1,1
2,2,1,24,0,0,0,0,0,0,0,0,0,0,0,0,0,0,0,23,0,1,1,0,0,1,0,1,-1,-1,-1,1,0,-1,-1,-1,-1,-1,-1,-1,0
2,2,1,18,0,0,0,0,0,0,0,0,0,0,0,0,0,0,0,17,0,1,1,0,0,1,0,1,-1,-1,-1,1,0,0.05,0.05,0.95,0,0,1,1,0
3,3,1,25,0,0,0,0,0,0,0,0,0,0,0,0,0,0,0,24,0,1,1,0,0,1,-1,1,-1,-1,-1,1,0,0.14705882352941177,0.14705882352941177,0.8529411764705882,0,-1,1,1,0
6,2,2,66,0,0,0,0,3,1,1,0,0,3,0,0,0,0,0,16,21,50,0,1,0,0,0,-1,-1,-1,-1,-1,0,-1,-1,-1,-1,-1,-1,-1,1
7,3,2,53,4,4,0,0,0,0,0,0,0,8,0,0,0,0,0,34,0,19,0,1,0,1,-1,1,-1,-1,-1,1,0,0.8125,0.8125,0.125,0,1,1,0,1
2,2,1,20,0,0,0,0,0,0,0,0,0,0,0,0,0,0,0,19,0,1,1,0,0,1,0,1,-1,-1,-1,1,1,0.94,0.44,0.56,0,1,0,0,0
6,1,3,45,1,1,0,0,0,0,0,0,0,0,0,0,0,0,0,20,0,25,0,0,0,1,1,1,-1,-1,-1,1,0,-1,-1,-1,-1,-1,-1,-1,1
1,1,3,21,0,0,0,0,0,0,0,0,0,2,0,0,0,0,0,9,0,12,1,0,0,1,1,1,-1,-1,-1,1,0,0.5,0.5,0.5,0,1,1,0,1
4,1,3,66,0,0,0,0,0,0,0,0,0,12,0,0,0,0,0,23,0,43,0,0,0,0,1,1,-1,-1,-1,1,0,-1,-1,-1,-1,-1,-1,-1,1
2,2,1,20,0,0,0,0,0,0,0,0,0,0,0,0,0,0,0,19,0,1,1,0,0,1,0,1,-1,-1,-1,1,0,-1,-1,-1,-1,-1,-1,-1,0
2,2,1,20,0,0,0,0,0,0,0,0,0,0,0,0,0,0,0,19,0,1,1,0,0,1,0,1,-1,-1,-1,1,0,-1,-1,-1,-1,-1,-1,-1,0
2,2,2,33,0,0,0,0,0,0,0,0,0,0,0,0,0,0,0,22,0,11,0,0,0,1,0,1,-1,-1,-1,1,0,-1,-1,-1,-1,-1,-1,-1,1
2,2,1,14,0,0,0,0,0,0,0,0,0,0,0,0,0,0,0,13,0,1,1,0,0,1,0,1,-1,-1,-1,1,0,0.6666666666666666,0.6666666666666666,0.3333333333333333,0,1,0,1,0
8,2,2,66,2,0,0,0,1,0,0,0,0,0,0,0,0,0,0,18,0,48,0,0,0,0,0,1,-1,-1,-1,1,0,-1,-1,-1,-1,-1,-1,-1,1
5,5,1,27,0,0,0,0,0,0,0,0,0,0,0,0,0,0,0,26,0,1,1,0,0,1,-1,1,-1,-1,-1,1,0,-1,-1,-1,-1,-1,-1,-1,1
4,1,6,66,0,0,0,0,3,0,0,0,0,0,0,0,0,0,0,12,0,54,0,0,0,0,1,1,-1,-1,-1,1,0,0.14285714285714285,0.14285714285714285,0.8571428571428571,0,0,1,1,1
2,1,2,34,1,1,0,0,0,0,0,0,0,0,0,0,0,0,0,17,0,17,0,0,0,1,1,1,-1,-1,-1,1,0,-1,-1,-1,-1,-1,-1,-1,1
3,3,1,31,0,0,0,0,0,0,0,0,0,0,0,0,0,0,0,30,0,1,1,0,0,1,-1,1,-1,-1,-1,1,1,0.8175675675675675,0.8175675675675675,0.17905405405405406,0,0,-1,0,0
3,3,1,31,0,0,0,0,0,0,0,0,0,0,0,0,0,0,0,30,0,1,1,0,0,1,-1,1,-1,-1,-1,1,0,0.75,0.5,0.5,0,1,1,0,0
3,2,3,37,0,0,0,0,0,0,0,0,0,0,0,0,0,0,0,12,0,25,0,0,0,1,0,1,-1,-1,-1,1,0,-1,-1,-1,-1,-1,-1,-1,1
4,3,2,38,0,0,0,0,0,0,0,0,0,0,0,0,0,0,0,22,0,16,0,0,0,1,-1,1,-1,-1,-1,1,0,-1,-1,-1,-1,-1,-1,-1,1
2,2,1,29,0,0,0,0,0,0,0,0,0,0,0,0,0,0,0,28,0,1,1,0,0,1,0,1,-1,-1,-1,1,1,0.8541666666666666,0.5,0.5,0,1,0,0,0
5,1,2,61,1,1,0,0,0,0,1,1,0,10,0,0,0,0,0,17,24,44,0,0,0,0,1,-1,-1,-1,-1,-1,0,-1,-1,-1,-1,-1,-1,-1,1
2,2,1,16,0,0,0,0,0,0,0,0,0,0,0,0,0,0,0,15,0,1,1,0,0,1,0,1,-1,-1,1,1,1,0.7108433734939759,0.09236947791164658,0.8995983935742972,0,-1,0,0,0
2,2,1,20,0,0,0,0,0,0,0,0,0,0,0,0,0,0,0,19,0,1,1,0,0,1,0,1,-1,-1,-1,1,1,0.8888888888888888,0.8888888888888888,0.1111111111111111,0,1,0,0,0
2,2,1,21,1,1,0,0,0,0,0,0,0,0,0,0,0,0,0,20,0,1,1,0,0,1,0,1,-1,-1,-1,1,0,0.9545454545454546,0.8863636363636364,0.11363636363636363,0,1,0,-1,0
2,2,2,24,0,0,0,0,0,0,0,0,0,0,0,0,0,0,0,11,0,13,1,0,0,1,0,1,-1,-1,-1,1,1,0.7916666666666666,0.775,0.225,0,1,-1,0,0
4,3,1,32,0,0,0,0,0,0,0,0,0,0,0,0,1,0,0,24,0,8,0,0,0,1,-1,1,-1,-1,-1,1,0,-1,-1,-1,-1,-1,-1,-1,1
5,2,2,66,1,1,0,0,0,0,0,0,0,18,0,0,0,0,0,27,0,39,0,0,0,0,0,1,-1,-1,-1,1,0,-1,-1,-1,-1,-1,-1,-1,1
8,4,4,61,1,1,0,0,0,0,0,0,0,0,0,0,0,0,0,31,0,30,0,4,0,0,-1,1,-1,-1,-1,1,0,-1,-1,-1,-1,-1,-1,-1,1
3,3,2,22,0,0,0,0,0,0,0,0,0,12,0,1,0,0,0,15,0,7,1,0,0,1,-1,-1,-1,-1,-1,-1,0,-1,-1,-1,-1,-1,-1,-1,1
4,1,2,66,1,0,0,0,0,0,0,0,0,15,0,0,0,0,0,28,0,38,0,0,0,0,1,1,-1,-1,-1,1,0,-1,-1,-1,-1,-1,-1,-1,1
6,2,2,45,1,0,0,0,0,0,0,0,0,0,0,0,0,0,0,19,0,26,0,0,0,1,0,1,-1,-1,-1,1,0,-1,-1,-1,-1,-1,-1,-1,1
2,1,1,23,0,0,0,0,0,0,0,0,0,1,0,0,0,0,0,13,0,10,0,0,0,1,1,-1,-1,-1,-1,-1,0,-1,-1,-1,-1,-1,-1,-1,1
4,1,4,46,0,0,0,0,0,0,0,0,0,4,0,0,0,0,0,18,0,28,0,0,0,1,1,1,-1,-1,-1,1,0,0.9318181818181818,0.11363636363636363,0.8863636363636364,0,0,1,0,1
2,2,1,20,0,0,0,0,0,0,0,0,0,0,0,0,0,0,0,19,0,1,1,0,0,1,0,1,-1,-1,-1,1,0,0.9770114942528736,0.05747126436781609,0.9425287356321839,0,-1,1,0,0
2,2,1,21,1,1,0,0,0,0,0,0,0,0,0,0,0,0,0,20,0,1,1,0,0,1,0,1,-1,-1,-1,1,0,-1,-1,-1,-1,-1,-1,-1,1
2,2,1,19,0,0,0,0,0,0,0,0,0,0,0,0,0,0,0,18,0,1,1,0,0,1,0,1,-1,-1,-1,1,0,0.9863013698630136,0.9726027397260274,0.0273972602739726,0,1,-1,0,0
4,1,3,46,1,0,0,0,0,0,0,0,0,0,0,0,0,0,0,15,0,31,0,0,0,1,1,1,-1,-1,-1,1,0,-1,-1,-1,-1,-1,-1,-1,1
5,1,2,57,0,0,0,0,1,0,1,1,0,1,0,0,0,0,0,21,16,36,0,0,0,0,1,-1,-1,-1,-1,-1,0,-1,-1,-1,-1,-1,-1,-1,1
4,1,3,66,2,0,0,0,0,0,0,0,0,12,0,0,0,0,0,15,0,51,0,1,0,0,1,-1,-1,-1,-1,-1,0,-1,-1,-1,-1,-1,-1,-1,1
2,2,4,34,0,0,0,0,0,0,0,0,0,0,0,0,0,0,0,11,0,23,1,0,0,1,0,1,-1,-1,-1,1,0,-1,-1,-1,-1,-1,-1,-1,1
6,2,6,66,1,1,0,0,0,0,1,0,0,7,0,0,0,0,0,23,4,43,0,2,0,0,0,1,-1,-1,-1,1,0,-1,-1,-1,-1,-1,-1,-1,1
6,2,2,53,3,2,0,0,0,0,0,0,0,0,0,0,0,0,0,32,0,21,0,0,0,1,0,1,-1,-1,-1,1,0,-1,-1,-1,-1,-1,-1,-1,1
6,1,4,66,0,0,0,1,0,7,0,0,0,14,0,0,0,0,0,14,0,52,0,0,0,0,1,1,-1,-1,-1,1,0,-1,-1,-1,-1,-1,-1,-1,1
7,2,8,66,0,0,0,0,0,0,1,0,0,2,0,0,0,0,0,14,5,52,1,1,0,0,0,1,-1,-1,-1,1,0,-1,-1,-1,-1,-1,-1,-1,1
5,1,1,66,2,1,0,0,0,0,1,0,0,1,0,0,0,0,0,31,19,35,0,1,0,0,1,1,-1,-1,-1,1,0,-1,-1,-1,-1,-1,-1,-1,1
3,2,1,29,0,0,0,0,1,0,0,0,0,0,0,0,0,0,0,16,0,13,0,0,0,1,0,1,-1,-1,-1,1,0,0.0,0.0,1.0,0,1,1,1,0
7,4,1,50,2,2,0,0,0,0,0,0,0,0,0,0,1,0,0,46,0,4,0,0,0,1,-1,1,-1,-1,-1,1,0,-1,-1,-1,-1,-1,-1,-1,1
6,3,3,66,0,0,0,0,0,0,0,0,0,13,0,0,0,0,0,27,0,39,0,1,0,0,-1,1,-1,-1,-1,1,0,-1,-1,-1,-1,-1,-1,-1,1
5,1,2,46,1,0,0,0,0,0,0,0,0,0,0,0,0,0,0,25,0,21,0,0,0,1,1,1,-1,-1,-1,1,0,-1,-1,-1,-1,-1,-1,-1,1
5,2,3,63,0,0,0,0,0,0,0,0,0,20,0,0,0,0,0,17,0,46,0,0,0,0,0,1,-1,-1,-1,1,0,-1,-1,-1,-1,-1,-1,-1,1
2,2,1,15,0,0,0,0,0,0,0,0,0,0,0,0,0,0,0,14,0,1,1,0,0,1,0,1,-1,-1,-1,1,0,0.9863636363636363,0.9863636363636363,0.013636363636363636,0,1,-1,-1,0
6,2,2,42,1,0,0,0,0,0,0,0,0,0,0,0,0,0,0,18,0,24,0,0,0,1,0,1,-1,-1,-1,1,0,0.9318181818181818,0.11363636363636363,0.8863636363636364,0,0,1,0,1
2,2,1,21,0,0,0,0,0,0,0,0,0,0,0,0,1,0,0,20,0,1,1,0,0,1,0,-1,-1,-1,-1,-1,0,-1,-1,-1,-1,-1,-1,-1,0
2,2,1,16,0,0,0,0,0,0,0,0,0,0,0,0,0,0,0,15,0,1,1,0,0,1,0,1,-1,-1,-1,1,0,0.1,0.1,0.9,0,0,1,1,0
2,2,1,19,0,0,0,0,0,0,0,0,0,0,0,0,0,0,0,18,0,1,1,0,0,1,0,1,-1,-1,-1,1,0,-1,-1,-1,-1,-1,-1,-1,0
3,3,3,32,0,0,0,1,0,0,0,0,0,0,0,0,0,0,0,14,0,18,1,0,0,1,-1,1,-1,-1,-1,1,0,1.0,1.0,0.0,0,1,1,1,0
5,2,5,66,0,0,0,0,0,0,0,0,0,0,0,0,0,0,0,27,0,39,0,0,0,0,0,1,-1,-1,-1,1,0,-1,-1,-1,-1,-1,-1,-1,1
5,2,7,54,0,0,0,0,0,0,0,0,0,0,0,0,0,0,0,14,0,40,0,0,0,0,0,1,-1,-1,-1,1,0,-1,-1,-1,-1,-1,-1,-1,1
1,1,4,26,0,0,0,0,0,0,0,0,0,8,0,0,0,0,0,12,0,14,1,0,0,1,1,1,-1,-1,-1,1,0,-1,-1,-1,-1,-1,-1,-1,1
2,2,1,20,0,0,0,0,0,0,0,0,0,0,0,0,0,0,0,19,0,1,1,0,0,1,0,1,-1,-1,-1,1,0,-1,-1,-1,-1,-1,-1,-1,0
6,2,3,66,0,0,0,0,0,0,0,0,0,0,0,0,0,0,0,17,0,49,0,2,0,0,0,1,-1,-1,-1,1,0,1.0,1.0,0.0,0,1,1,1,1
9,5,4,56,0,0,0,0,0,0,0,0,0,0,0,0,0,0,0,26,0,30,0,2,0,0,-1,1,-1,-1,-1,1,0,-1,-1,-1,-1,-1,-1,-1,1
2,2,1,12,0,0,0,0,0,0,0,0,0,0,0,0,0,0,0,11,0,1,1,0,0,1,0,1,-1,-1,-1,1,0,0.5,0.5,0.5,0,1,1,0,0
2,2,1,13,0,0,0,0,0,0,0,0,0,0,0,0,1,0,0,12,0,1,1,0,0,1,0,1,-1,-1,-1,1,1,0.9453551912568307,0.25136612021857924,0.7486338797814208,0,-1,0,0,0
2,2,1,25,0,0,0,0,0,0,0,0,0,0,0,0,0,0,0,24,0,1,1,0,0,1,0,1,-1,-1,-1,1,0,0.04918032786885246,0.04918032786885246,0.9508196721311475,0,0,1,1,0
2,2,1,23,1,0,0,0,0,0,0,0,0,0,0,0,1,0,0,10,0,13,0,0,0,1,0,1,-1,-1,-1,1,1,0.9851851851851852,0.2074074074074074,0.7777777777777778,0,-1,0,0,0
2,2,1,32,2,2,0,0,0,0,0,0,0,0,0,0,0,0,0,31,0,1,1,0,0,1,0,1,-1,-1,-1,1,0,-1,-1,-1,-1,-1,-1,-1,0
1,1,1,19,0,0,0,0,0,0,0,0,0,0,0,0,0,0,0,18,0,1,1,0,0,1,1,1,-1,-1,1,1,1,0.9928400954653938,0.014319809069212411,0.9856801909307876,0,-1,1,0,0
2,2,1,18,0,0,0,0,0,0,0,0,0,0,0,0,0,0,0,17,0,1,1,0,0,1,0,1,-1,-1,-1,1,0,0.8666666666666667,0.6666666666666666,0.3,0,1,1,1,0
2,2,1,23,0,0,0,0,0,0,0,0,0,0,0,0,0,0,0,22,0,1,1,0,0,1,0,1,-1,-1,-1,1,0,0.5454545454545454,0.5454545454545454,0.45454545454545453,0,1,1,1,0
3,2,1,35,1,1,0,0,0,0,0,0,0,0,0,0,0,0,0,23,0,12,0,0,0,1,0,1,-1,-1,-1,1,0,0.0,0.0,1.0,0,1,1,1,0
5,2,6,66,2,1,0,0,0,0,0,0,0,0,0,0,0,0,0,15,0,51,0,0,0,0,0,1,-1,-1,-1,1,0,-1,-1,-1,-1,-1,-1,-1,1
2,2,1,26,1,1,0,0,0,0,0,0,0,0,0,0,0,0,0,25,0,1,1,0,0,1,0,1,-1,-1,-1,1,0,-1,-1,-1,-1,-1,-1,-1,0
2,2,1,29,1,1,0,0,0,0,0,0,0,0,0,0,0,0,0,28,0,1,1,0,0,1,0,1,-1,-1,-1,1,0,0.7333333333333333,0.06666666666666667,0.9333333333333333,0,1,1,0,0
8,2,4,61,1,0,0,0,0,0,0,0,0,1,0,0,0,0,0,16,0,45,0,0,0,0,0,1,-1,-1,-1,1,0,-1,-1,-1,-1,-1,-1,-1,1
2,2,1,21,0,0,0,0,0,0,0,0,0,0,0,0,0,0,0,20,0,1,1,0,0,1,0,1,-1,-1,-1,1,1,0.9838709677419355,0.9838709677419355,0.016129032258064516,0,1,-1,-1,0
7,3,3,66,0,0,0,0,0,0,1,0,0,0,0,0,0,0,0,30,11,36,0,0,0,0,-1,1,-1,-1,-1,1,1,0.0,0.0,0.2,0,1,1,0,1
1,1,2,25,0,0,0,0,0,0,0,0,0,0,0,0,0,0,0,19,0,6,1,0,0,1,1,1,-1,-1,-1,1,0,0.9565217391304348,0.9565217391304348,0.043478260869565216,0,1,0,0,1
3,2,3,35,0,0,0,0,0,0,0,0,0,0,0,0,0,0,0,18,0,17,0,1,0,1,0,1,-1,-1,-1,1,0,-1,-1,-1,-1,-1,-1,-1,1
5,2,1,63,2,2,0,0,0,0,0,0,0,21,0,0,0,0,0,27,0,36,0,1,0,0,0,1,-1,-1,-1,1,0,-1,-1,-1,-1,-1,-1,-1,1
2,2,1,21,0,0,0,0,0,0,0,0,0,0,0,0,0,0,0,20,0,1,1,0,0,1,0,1,-1,-1,-1,1,1,0.9049773755656109,0.08597285067873303,0.9140271493212669,0,-1,0,0,0
6,2,3,55,0,0,0,0,0,0,0,0,0,0,0,0,0,0,0,20,0,35,0,0,0,0,0,1,-1,-1,-1,1,0,0.8,0.8,0.2,0,1,1,0,1
3,2,1,29,0,0,0,0,0,0,0,0,0,4,0,0,1,0,0,18,0,11,0,0,0,1,0,1,-1,-1,-1,1,0,-1,-1,-1,-1,-1,-1,-1,1
1,1,1,13,0,0,0,0,0,0,0,0,0,0,1,0,0,0,0,12,0,1,1,0,0,1,1,1,-1,-1,-1,1,1,0.9266666666666666,0.38666666666666666,0.6133333333333333,0,-1,0,0,0
4,4,1,31,0,0,0,0,0,0,0,0,0,0,0,0,0,0,0,30,0,1,1,2,0,1,-1,1,-1,-1,-1,1,0,-1,-1,-1,-1,-1,-1,-1,1
5,4,5,61,0,0,0,1,0,0,0,0,0,1,0,0,0,0,0,17,0,44,0,0,0,0,-1,1,-1,-1,-1,1,0,0.0,0.0,1.0,0,1,1,1,0
2,2,1,11,0,0,0,0,0,0,0,0,0,0,0,0,0,0,0,10,0,1,1,0,0,1,0,1,-1,-1,-1,1,1,0.22424242424242424,0.06060606060606061,0.9333333333333333,0,-1,1,0,0
4,1,2,66,0,0,0,0,0,0,0,0,0,20,0,0,0,0,0,21,0,45,0,0,0,0,1,1,-1,-1,-1,1,0,-1,-1,-1,-1,-1,-1,-1,1
4,1,3,66,1,1,0,0,0,0,0,0,0,23,0,0,0,0,0,24,0,42,0,0,0,0,1,1,-1,-1,-1,1,0,-1,-1,-1,-1,-1,-1,-1,1
1,1,2,25,0,0,0,0,0,1,0,0,0,2,0,0,0,0,0,12,0,13,0,0,0,1,1,1,-1,-1,-1,1,0,1.0,1.0,0.0,1,1,1,1,1
2,2,1,20,0,0,0,0,0,0,0,0,0,0,0,0,0,0,0,19,0,1,1,0,0,1,0,1,-1,-1,-1,1,0,1.0,1.0,0.0,0,1,1,1,0
4,1,5,66,0,0,0,0,2,0,0,0,0,0,0,0,0,0,0,22,0,44,0,0,0,0,1,1,-1,-1,-1,1,0,-1,-1,-1,-1,-1,-1,-1,1
3,2,2,31,0,0,0,0,0,0,0,0,0,1,0,0,0,0,0,15,0,16,0,0,0,1,0,1,-1,-1,-1,1,0,-1,-1,-1,-1,-1,-1,-1,1
1,1,2,34,0,0,0,0,0,0,0,0,0,0,0,0,0,0,0,25,0,9,1,0,0,1,1,-1,-1,-1,-1,-1,0,-1,-1,-1,-1,-1,-1,-1,1
2,2,1,20,0,0,0,0,0,0,0,0,0,1,0,0,0,0,0,19,0,1,1,0,0,1,0,1,-1,-1,-1,1,0,-1,-1,-1,-1,-1,-1,-1,0
2,2,3,37,0,0,0,0,0,0,0,0,0,1,0,0,0,0,0,17,0,20,1,0,0,1,0,1,-1,-1,-1,1,0,1.0,1.0,0.0,0,1,1,1,0
7,1,2,66,0,0,0,0,0,0,0,0,0,7,0,0,0,0,0,19,0,47,0,1,0,0,1,1,-1,-1,-1,1,0,0.9850746268656716,0.9850746268656716,0.014925373134328358,0,1,-1,0,1
2,2,1,18,0,0,0,0,0,0,0,0,0,0,0,0,0,0,0,17,0,1,1,0,0,1,0,1,-1,-1,-1,1,0,0.8023648648648649,0.011824324324324325,0.9881756756756757,0,-1,1,-1,0
2,2,1,14,0,0,0,0,0,0,0,0,0,0,0,0,0,0,0,13,0,1,1,0,0,1,0,1,-1,-1,-1,1,0,1.0,0.7650273224043715,0.23497267759562843,0,0,-1,0,0
2,2,1,25,0,0,0,0,0,0,0,0,0,0,0,0,0,0,0,24,0,1,1,0,0,1,0,1,-1,-1,1,1,1,0.9812206572769953,0.704225352112676,0.29107981220657275,0,0,-1,-1,0
3,2,1,36,0,0,0,0,1,0,0,0,0,0,0,0,0,0,0,19,0,17,0,0,0,1,0,1,-1,-1,-1,1,0,0.8431372549019608,0.8431372549019608,0.1568627450980392,0,1,0,0,0
5,5,1,27,0,0,0,0,0,0,0,0,0,0,0,0,0,0,0,26,0,1,1,0,0,1,-1,1,-1,-1,-1,1,0,-1,-1,-1,-1,-1,-1,-1,1
2,2,2,24,0,0,0,0,0,0,0,0,0,0,0,0,0,0,0,13,0,11,1,0,0,1,0,1,-1,-1,-1,1,0,-1,-1,-1,-1,-1,-1,-1,0
2,2,1,13,0,0,0,0,0,0,0,0,0,0,0,0,0,0,0,12,0,1,1,0,0,1,0,1,-1,-1,-1,1,0,-1,-1,-1,-1,-1,-1,-1,0
